freq,unit,nst07,geo\TIME_PERIOD	2008 	2009 	2010 	2011 	2012 	2013 	2014 	2015 	2016 	2017 	2018 	2019 	2020 	2021 	2022 
A,THS_T,GT01,AT	: c	8904 	9488 	9405 	8710 	8594 	8430 	6976 	8017 	8269 	8077 	7210 	6598 	7282 	7713 
A,THS_T,GT01,BE	1281 	817 	1039 	937 	: 	: c	: c	: c	: c	: c	: c	: c	: c	: c	: c
A,THS_T,GT01,BG	561 	359 	213 	513 	290 	456 	249 	134 	131 	203 	152 	224 	189 	192 	128 
A,THS_T,GT01,CH	2907 	2600 	2487 	2836 	2403 	2269 	2453 	1964 	1959 	1511 	1138 	1088 	970 	868 	1005 
A,THS_T,GT01,CZ	2955 	3331 	3582 	3871 	4249 	4753 	4457 	4350 	5245 	5654 	6268 	5626 	6702 	5976 	6147 
A,THS_T,GT01,DE	9658 	8427 	7649 	5519 	4112 	3831 	3764 	4092 	3482 	3531 	3297 	5889 	7577 	10403 	10620 
A,THS_T,GT01,DK	173 	40 	68 	133 	129 	70 	48 	68 	68 	50 	36 	42 	36 	38 	26 
A,THS_T,GT01,EE	646 	127 	163 	174 	170 	201 	168 	106 	118 	103 	165 	113 	76 	87 	215 
A,THS_T,GT01,EL	192 	322 	320 	82 	147 	41 	225 	76 	62 	100 	47 	15 	9 	3 	0 
A,THS_T,GT01,ES	895 	1308 	1477 	1566 	1729 	1812 	1902 	2001 	2109 	1916 	1594 	1609 	1752 	1607 	1996 
A,THS_T,GT01,EU27_2020	: 	: 	: 	: 	: 	: 	: 	: 	: 	: 	: 	: 	: 	: c	: c
A,THS_T,GT01,FI	14509 	10430 	11737 	10741 	10854 	11814 	11975 	11120 	12022 	12192 	12706 	12291 	12064 	13092 	12052 
A,THS_T,GT01,FR	10452 	10756 	9025 	13086 	10619 	11121 	9640 	8600 	7762 	7410 	6736 	7105 	8650 	7693 	7960 
A,THS_T,GT01,HR	1606 	1772 	1923 	1574 	1338 	1236 	1081 	947 	1005 	2062 	2091 	3147 	3633 	3670 	3749 
A,THS_T,GT01,HU	1648 	2866 	3083 	3849 	3411 	5594 	5643 	5016 	4893 	6018 	5737 	5578 	6694 	6098 	6049 
A,THS_T,GT01,IE	90 	53 	55 	69 	39 	49 	59 	63 	58 	52 	45 	49 	37 	49 	50 
A,THS_T,GT01,IT	: c	2024 	2341 	1992 	1302 	2190 	2871 	2574 	2998 	3607 	5045 	4715 	4687 	6134 	7609 
A,THS_T,GT01,LT	3338 	2480 	1972 	2017 	3217 	3269 	3875 	3528 	3085 	3515 	3717 	4081 	4523 	3671 	3698 
A,THS_T,GT01,LU	: 	: 	: 	: 	0 	0 	: 	: 	0 	0 	0 	0 	0 	0 	0 
A,THS_T,GT01,LV	1786 	1751 	1552 	1612 	2882 	1374 	2091 	2462 	2235 	2227 	3579 	2543 	2696 	2854 	2821 
A,THS_T,GT01,ME	: 	: 	: 	: 	: 	: 	: 	: 	: 	17 	22 	22 	13 	: 	: 
A,THS_T,GT01,MK	: 	115 	2 	2 	1 	2 	2 	2 	2 	1 	1 	1 	1 	0 	0 
A,THS_T,GT01,NL	272 	864 	: c	: c	294 	209 	270 	351 	236 	111 	52 	54 	268 	497 	612 
A,THS_T,GT01,NO	915 	413 	308 	1443 	1271 	406 	66 	214 	209 	583 	1078 	2869 	2416 	3132 	2348 
A,THS_T,GT01,PL	4050 	3475 	4469 	4714 	4470 	4144 	4279 	3874 	3666 	3975 	3652 	2849 	2859 	2802 	6505 
A,THS_T,GT01,PT	1133 	339 	340 	966 	957 	1031 	983 	1093 	1070 	1067 	899 	963 	956 	1027 	781 
A,THS_T,GT01,RO	752 	492 	906 	1432 	1695 	2657 	3255 	3255 	2798 	4318 	5581 	6974 	6270 	8748 	8576 
A,THS_T,GT01,SE	7711 	7703 	8169 	8181 	8478 	8736 	8649 	8859 	8917 	8703 	8273 	9015 	10611 	10564 	: c
A,THS_T,GT01,SI	1057 	1179 	1416 	1376 	1067 	1165 	1563 	1533 	1545 	1210 	706 	968 	1063 	810 	1067 
A,THS_T,GT01,SK	1507 	1728 	2157 	2189 	1808 	2263 	2853 	3537 	2835 	2755 	2881 	3013 	2733 	2640 	3260 
A,THS_T,GT01,TR	158 	70 	31 	188 	153 	143 	145 	91 	60 	103 	183 	312 	294 	230 	155 
A,THS_T,GT01,UK	0 	0 	0 	0 	0 	0 	0 	4116 	3802 	3753 	3417 	3524 	: 	: 	: 
A,THS_T,GT02,AT	: c	3078 	2683 	2725 	2793 	3333 	3265 	3255 	3284 	3276 	3161 	3333 	2734 	2119 	2181 
A,THS_T,GT02,BE	2352 	1200 	1526 	1376 	: 	: c	: c	: c	: c	: c	: c	: c	: c	: c	: c
A,THS_T,GT02,BG	10 	37 	1 	4 	0 	3311 	3674 	2998 	1314 	471 	2708 	2499 	358 	1239 	1144 
A,THS_T,GT02,CH	217 	210 	183 	139 	108 	102 	70 	83 	62 	40 	31 	145 	20 	26 	14 
A,THS_T,GT02,CZ	37210 	33568 	34822 	36297 	33877 	31228 	32016 	30118 	29561 	27834 	24183 	22870 	17231 	18047 	18719 
A,THS_T,GT02,DE	34923 	28161 	32604 	34716 	40956 	43568 	41273 	40317 	38961 	32478 	30304 	26839 	22149 	22067 	25610 
A,THS_T,GT02,DK	0 	15 	0 	0 	0 	0 	0 	: 	0 	1 	0 	0 	0 	0 	0 
A,THS_T,GT02,EE	16603 	15554 	20946 	21876 	19922 	19895 	18081 	13277 	13739 	15660 	14221 	7642 	3684 	4504 	7403 
A,THS_T,GT02,EL	168 	70 	8 	93 	229 	110 	93 	32 	1 	1 	18 	1 	5 	10 	7 
A,THS_T,GT02,ES	17 	1520 	604 	2100 	3098 	2314 	3408 	5763 	2831 	3784 	3372 	1627 	39 	436 	1 
A,THS_T,GT02,EU27_2020	: 	: 	: 	: 	: 	: 	: 	: 	: 	: 	: 	: 	: 	: c	: c
A,THS_T,GT02,FI	944 	735 	461 	63 	60 	277 	472 	507 	617 	250 	1050 	1249 	629 	1444 	489 
A,THS_T,GT02,FR	3792 	2563 	2787 	1817 	1610 	1909 	1598 	1700 	1606 	1890 	1665 	668 	417 	344 	225 
A,THS_T,GT02,HR	1808 	945 	1297 	1450 	1284 	1179 	1874 	1585 	1640 	1825 	1828 	1855 	1677 	2129 	2337 
A,THS_T,GT02,HU	74 	5997 	6240 	5684 	5468 	6353 	6431 	7244 	7366 	6920 	7080 	6159 	5172 	4813 	4509 
A,THS_T,GT02,IE	0 	0 	0 	0 	0 	0 	0 	0 	0 	0 	0 	0 	0 	0 	0 
A,THS_T,GT02,IT	: c	48 	: c	31 	18 	: c	: c	447 	321 	446 	531 	420 	485 	485 	966 
A,THS_T,GT02,LT	6064 	4644 	5713 	5036 	3140 	3622 	3075 	2759 	3201 	5471 	6881 	4902 	5213 	4187 	1676 
A,THS_T,GT02,LU	: 	: 	: 	: 	0 	0 	: 	: 	0 	0 	0 	0 	0 	0 	0 
A,THS_T,GT02,LV	18585 	18958 	14980 	20453 	22454 	21173 	20134 	19095 	15911 	17689 	22669 	17473 	4031 	2056 	4770 
A,THS_T,GT02,ME	: 	: 	: 	: 	: 	: 	: 	: 	: 	0 	0 	0 	0 	: 	: 
A,THS_T,GT02,MK	: 	141 	198 	179 	295 	247 	175 	61 	38 	5 	35 	19 	33 	43 	12 
A,THS_T,GT02,NL	6975 	6457 	: c	: c	9979 	10708 	10196 	9047 	9532 	7237 	6052 	8297 	6998 	7451 	9583 
A,THS_T,GT02,NO	0 	0 	0 	0 	0 	0 	0 	0 	0 	0 	0 	0 	0 	0 	0 
A,THS_T,GT02,PL	101425 	78997 	70643 	95609 	93293 	93513 	87731 	83567 	83576 	96281 	96932 	90551 	81103 	90162 	86416 
A,THS_T,GT02,PT	0 	0 	0 	0 	0 	0 	0 	0 	0 	0 	0 	0 	0 	0 	0 
A,THS_T,GT02,RO	28131 	22608 	22707 	27818 	23185 	17693 	17547 	17827 	16183 	18533 	15359 	10479 	8858 	11137 	11934 
A,THS_T,GT02,SE	245 	60 	279 	250 	279 	185 	280 	196 	219 	272 	300 	231 	215 	252 	: c
A,THS_T,GT02,SI	1340 	858 	1132 	1550 	1434 	1435 	1316 	1422 	1581 	1804 	1882 	1685 	1261 	1195 	1442 
A,THS_T,GT02,SK	6578 	5958 	4586 	5417 	5015 	4680 	4448 	3572 	3898 	3933 	4048 	4496 	2981 	3622 	3140 
A,THS_T,GT02,TR	2861 	2491 	1818 	2680 	3036 	3389 	3006 	2603 	2302 	2408 	2478 	2865 	3305 	3818 	3443 
A,THS_T,GT02,UK	41688 	35921 	37359 	42312 	48393 	53454 	42151 	24953 	10829 	7858 	6797 	3509 	: 	: 	: 
A,THS_T,GT03,AT	: c	9207 	10969 	10668 	10409 	12005 	12297 	11957 	12650 	12057 	11660 	12369 	11310 	11452 	10280 
A,THS_T,GT03,BE	5441 	2395 	3046 	2747 	: 	: c	: c	: c	: c	: c	: c	: c	: c	: c	: c
A,THS_T,GT03,BG	3292 	2088 	1578 	1631 	1435 	1220 	1322 	2826 	2574 	2939 	2876 	2512 	2713 	2401 	2627 
A,THS_T,GT03,CH	5316 	6252 	5652 	5406 	4914 	5015 	4853 	4765 	5099 	4646 	5199 	4582 	3904 	3660 	3382 
A,THS_T,GT03,CZ	13832 	10723 	10767 	11157 	10098 	10441 	11235 	11899 	11474 	9490 	9890 	9455 	9163 	9813 	8540 
A,THS_T,GT03,DE	52690 	45207 	50134 	57787 	52603 	51659 	51462 	50257 	48867 	46864 	48034 	48412 	46207 	52373 	52701 
A,THS_T,GT03,DK	44 	56 	70 	54 	35 	52 	48 	41 	42 	48 	36 	37 	49 	52 	49 
A,THS_T,GT03,EE	1844 	1166 	1011 	1531 	1753 	1723 	1235 	809 	648 	808 	978 	945 	305 	513 	2027 
A,THS_T,GT03,EL	0 	0 	0 	0 	0 	0 	0 	0 	0 	0 	0 	: 	0 	: 	0 
A,THS_T,GT03,ES	4275 	1038 	932 	655 	490 	2536 	2745 	883 	2185 	2812 	994 	569 	559 	938 	959 
A,THS_T,GT03,EU27_2020	: 	: 	: 	: 	: 	: 	: 	: 	: 	: 	: 	: 	: 	: c	: c
A,THS_T,GT03,FI	4146 	4020 	4672 	5394 	4802 	5701 	6700 	5470 	6732 	7399 	7235 	5426 	5594 	5345 	2096 
A,THS_T,GT03,FR	20967 	15019 	10262 	12718 	9204 	11044 	11427 	10100 	8117 	9027 	6644 	6078 	6958 	8356 	6728 
A,THS_T,GT03,HR	2522 	2080 	1452 	1858 	2175 	2115 	1772 	2296 	1532 	1930 	2060 	3695 	3943 	3631 	4391 
A,THS_T,GT03,HU	4341 	4359 	5514 	5994 	6353 	7580 	7807 	8036 	7403 	10251 	10473 	8680 	7815 	7126 	8326 
A,THS_T,GT03,IE	451 	460 	376 	373 	364 	364 	339 	299 	334 	291 	297 	139 	272 	252 	209 
A,THS_T,GT03,IT	: c	2829 	3575 	3931 	3520 	2674 	3482 	3400 	3632 	3681 	3498 	3398 	3034 	3813 	3374 
A,THS_T,GT03,LT	4561 	3658 	4387 	5335 	4458 	5814 	5841 	4443 	4614 	5581 	6751 	7539 	7686 	7322 	4571 
A,THS_T,GT03,LU	: 	: 	: 	: 	0 	0 	: 	: 	0 	0 	0 	0 	0 	0 	0 
A,THS_T,GT03,LV	297 	1122 	1914 	2403 	1549 	1447 	1135 	1092 	1295 	993 	1269 	1116 	1168 	1355 	2229 
A,THS_T,GT03,ME	: 	: 	: 	: 	: 	: 	: 	: 	: 	903 	491 	684 	876 	: 	: 
A,THS_T,GT03,MK	: 	1325 	600 	492 	575 	527 	573 	46 	0 	7 	120 	126 	61 	170 	57 
A,THS_T,GT03,NL	7305 	4684 	: c	: c	5952 	5735 	5978 	6295 	5872 	6035 	5950 	6254 	4966 	5317 	4752 
A,THS_T,GT03,NO	16771 	15347 	18107 	20902 	22696 	22927 	24469 	23012 	25460 	25828 	25594 	25195 	27732 	28004 	24256 
A,THS_T,GT03,PL	38679 	34266 	41156 	66266 	53795 	51471 	53300 	51128 	48062 	60642 	66415 	60463 	53620 	55367 	57178 
A,THS_T,GT03,PT	2206 	2020 	2187 	1982 	1594 	1390 	1235 	1078 	815 	822 	971 	917 	808 	869 	1100 
A,THS_T,GT03,RO	5110 	2544 	2171 	2101 	1491 	3057 	2504 	2207 	911 	1048 	2199 	3391 	2568 	2920 	2522 
A,THS_T,GT03,SE	28504 	22362 	30620 	29469 	29450 	30770 	31290 	27829 	30083 	31961 	27871 	27605 	29617 	31135 	: c
A,THS_T,GT03,SI	3086 	2208 	2870 	2873 	2476 	2976 	3377 	3205 	3010 	3297 	3145 	3474 	2946 	3462 	3258 
A,THS_T,GT03,SK	15614 	12036 	14979 	14928 	14303 	15090 	15567 	15128 	15694 	15591 	14679 	12482 	11389 	14738 	12439 
A,THS_T,GT03,TR	4954 	4998 	6971 	9507 	10044 	9880 	11175 	9144 	8819 	10886 	9734 	13723 	14387 	15056 	15461 
A,THS_T,GT03,UK	7213 	3666 	0 	4570 	5908 	2726 	1110 	7343 	9273 	9967 	8908 	9612 	: 	: 	: 
A,THS_T,GT04,AT	: c	1186 	1245 	1252 	1235 	1249 	1025 	1103 	1051 	1265 	1347 	1325 	1352 	1392 	1476 
A,THS_T,GT04,BE	881 	491 	625 	564 	: 	: c	: c	: c	: c	: c	: c	: c	: c	: c	: c
A,THS_T,GT04,BG	236 	199 	218 	199 	235 	122 	172 	297 	330 	264 	208 	264 	314 	337 	196 
A,THS_T,GT04,CH	2139 	2257 	2046 	2086 	2030 	2059 	2153 	2076 	2137 	2149 	3205 	2922 	3541 	3325 	3263 
A,THS_T,GT04,CZ	751 	652 	782 	601 	582 	399 	441 	402 	467 	543 	574 	628 	623 	523 	528 
A,THS_T,GT04,DE	2019 	2099 	2139 	2193 	2438 	2078 	2112 	1995 	2477 	2287 	2177 	2405 	2203 	2038 	1946 
A,THS_T,GT04,DK	59 	45 	96 	46 	28 	49 	53 	43 	64 	194 	185 	196 	185 	148 	67 
A,THS_T,GT04,EE	342 	281 	240 	222 	201 	228 	210 	124 	326 	336 	243 	196 	324 	335 	379 
A,THS_T,GT04,EL	158 	89 	172 	122 	118 	249 	88 	57 	39 	27 	11 	2 	0 	: 	0 
A,THS_T,GT04,ES	28 	222 	211 	215 	197 	133 	137 	163 	226 	370 	361 	233 	162 	54 	80 
A,THS_T,GT04,EU27_2020	: 	: 	: 	: 	: 	: 	: 	: 	: 	: 	: 	: 	: 	: c	: c
A,THS_T,GT04,FI	72 	59 	50 	34 	30 	22 	20 	28 	30 	27 	39 	35 	16 	20 	4 
A,THS_T,GT04,FR	6289 	4681 	3730 	5034 	5000 	4747 	4635 	4600 	3836 	5434 	5092 	4733 	4717 	4480 	5350 
A,THS_T,GT04,HR	521 	415 	503 	606 	649 	569 	559 	442 	508 	630 	512 	445 	376 	268 	312 
A,THS_T,GT04,HU	782 	474 	514 	556 	464 	540 	522 	465 	459 	400 	486 	632 	395 	501 	776 
A,THS_T,GT04,IE	67 	86 	137 	169 	164 	176 	180 	178 	189 	203 	174 	158 	140 	114 	161 
A,THS_T,GT04,IT	: c	1735 	: c	4073 	3757 	3702 	2329 	2218 	2440 	2470 	2427 	2784 	2906 	3117 	3426 
A,THS_T,GT04,LT	1878 	1997 	2438 	2280 	2329 	2575 	2499 	2208 	2510 	2431 	2642 	2767 	2620 	2862 	3019 
A,THS_T,GT04,LU	: 	: 	: 	: 	5 	0 	: 	: 	0 	0 	0 	0 	0 	0 	0 
A,THS_T,GT04,LV	1413 	1259 	1228 	1514 	1644 	1486 	1861 	1713 	1810 	1418 	1643 	2142 	2168 	2059 	2468 
A,THS_T,GT04,ME	: 	: 	: 	: 	: 	: 	: 	: 	: 	29 	21 	4 	1 	: 	: 
A,THS_T,GT04,MK	: 	66 	230 	209 	198 	224 	181 	136 	117 	117 	89 	46 	39 	29 	10 
A,THS_T,GT04,NL	243 	88 	: c	: c	35 	188 	98 	308 	76 	78 	135 	88 	338 	254 	204 
A,THS_T,GT04,NO	0 	0 	0 	3 	7 	9 	7 	6 	356 	562 	124 	16 	3 	1 	1 
A,THS_T,GT04,PL	1049 	1096 	1109 	1048 	1362 	1538 	2038 	1812 	2119 	1915 	1394 	1731 	1628 	1500 	2143 
A,THS_T,GT04,PT	127 	156 	247 	220 	153 	120 	127 	51 	28 	8 	0 	0 	0 	0 	0 
A,THS_T,GT04,RO	948 	609 	418 	549 	499 	520 	486 	560 	399 	626 	838 	947 	817 	778 	384 
A,THS_T,GT04,SE	401 	494 	508 	377 	349 	834 	908 	846 	876 	1007 	1071 	997 	1119 	1145 	: c
A,THS_T,GT04,SI	267 	139 	176 	228 	198 	226 	267 	173 	223 	255 	311 	310 	298 	278 	380 
A,THS_T,GT04,SK	377 	213 	155 	192 	124 	161 	118 	187 	268 	217 	103 	129 	104 	88 	103 
A,THS_T,GT04,TR	118 	142 	84 	294 	301 	296 	465 	429 	423 	543 	593 	582 	541 	497 	576 
A,THS_T,GT04,UK	2614 	3057 	2284 	2691 	191 	3834 	3833 	214 	190 	215 	227 	269 	: 	: 	: 
A,THS_T,GT05,AT	: c	4 	3 	3 	4 	5 	6 	4 	3 	2 	2 	5 	3 	3 	6 
A,THS_T,GT05,BE	0 	1 	1 	1 	: 	: c	: c	: c	: c	: c	: c	: c	: c	: c	: c
A,THS_T,GT05,BG	18 	6 	4 	5 	7 	7 	7 	17 	20 	13 	12 	16 	193 	116 	11 
A,THS_T,GT05,CH	26 	24 	22 	19 	19 	19 	20 	17 	15 	19 	14 	20 	10 	7 	16 
A,THS_T,GT05,CZ	436 	8 	6 	7 	7 	7 	5 	8 	5 	4 	3 	5 	3 	2 	2 
A,THS_T,GT05,DE	19 	15 	29 	23 	21 	16 	20 	23 	0 	0 	7 	3 	2 	4 	8 
A,THS_T,GT05,DK	0 	31 	0 	0 	0 	0 	0 	: 	0 	0 	0 	0 	1 	2 	2 
A,THS_T,GT05,EE	4 	6 	3 	5 	9 	9 	12 	8 	8 	6 	4 	1 	1 	1 	0 
A,THS_T,GT05,EL	0 	0 	0 	0 	0 	0 	0 	0 	0 	0 	0 	: 	0 	: 	0 
A,THS_T,GT05,ES	2 	0 	0 	0 	0 	0 	0 	0 	0 	0 	0 	526 	0 	278 	311 
A,THS_T,GT05,EU27_2020	: 	: 	: 	: 	: 	: 	: 	: 	: 	: 	: 	: 	: 	: c	: c
A,THS_T,GT05,FI	1 	1 	0 	1 	0 	0 	0 	0 	0 	0 	0 	0 	0 	1 	0 
A,THS_T,GT05,FR	9 	6 	4 	0 	0 	0 	1 	10 	3 	0 	0 	0 	1 	0 	0 
A,THS_T,GT05,HR	1 	1 	1 	2 	2 	3 	2 	2 	2 	2 	0 	2 	38 	5 	8 
A,THS_T,GT05,HU	154 	6 	4 	7 	6 	8 	24 	23 	21 	30 	13 	11 	28 	8 	12 
A,THS_T,GT05,IE	0 	0 	0 	0 	0 	0 	0 	0 	0 	0 	0 	0 	0 	0 	0 
A,THS_T,GT05,IT	: c	17 	: c	580 	81 	: c	563 	465 	277 	110 	81 	85 	72 	105 	74 
A,THS_T,GT05,LT	46 	5 	8 	14 	15 	16 	18 	15 	20 	29 	25 	22 	45 	81 	19 
A,THS_T,GT05,LU	: 	: 	: 	: 	0 	0 	: 	: 	0 	0 	0 	0 	0 	0 	0 
A,THS_T,GT05,LV	147 	61 	86 	70 	68 	81 	120 	62 	84 	80 	43 	51 	52 	27 	24 
A,THS_T,GT05,ME	: 	: 	: 	: 	: 	: 	: 	: 	: 	0 	0 	0 	0 	: 	: 
A,THS_T,GT05,MK	: 	4 	1 	1 	2 	4 	5 	3 	2 	3 	3 	2 	1 	0 	0 
A,THS_T,GT05,NL	2 	1 	: c	: c	0 	0 	0 	0 	0 	0 	0 	0 	0 	0 	0 
A,THS_T,GT05,NO	0 	0 	0 	0 	0 	0 	0 	0 	0 	0 	0 	0 	0 	0 	0 
A,THS_T,GT05,PL	24 	6 	4 	3 	19 	42 	21 	2 	1 	16 	26 	14 	28 	24 	13 
A,THS_T,GT05,PT	0 	0 	0 	0 	0 	0 	0 	0 	0 	0 	0 	0 	0 	0 	0 
A,THS_T,GT05,RO	15 	5 	8 	4 	12 	4 	0 	8 	16 	1 	121 	0 	7 	0 	0 
A,THS_T,GT05,SE	1 	1 	1 	0 	0 	1 	1 	1 	0 	0 	0 	0 	1 	5 	: c
A,THS_T,GT05,SI	1 	1 	1 	2 	2 	3 	2 	2 	2 	2 	0 	719 	0 	0 	0 
A,THS_T,GT05,SK	1 	1 	1 	1 	1 	1 	1 	1 	1 	0 	0 	0 	0 	0 	0 
A,THS_T,GT05,TR	0 	0 	22 	35 	79 	76 	90 	79 	51 	53 	47 	49 	138 	177 	125 
A,THS_T,GT05,UK	0 	0 	0 	0 	0 	0 	0 	0 	0 	0 	0 	0 	: 	: 	: 
A,THS_T,GT06,AT	: c	6027 	6266 	5807 	5354 	5196 	4945 	4945 	5046 	5364 	5384 	4899 	4776 	5569 	5468 
A,THS_T,GT06,BE	850 	957 	1218 	1098 	: 	: c	: c	: c	: c	: c	: c	: c	: c	: c	: c
A,THS_T,GT06,BG	518 	243 	287 	318 	346 	270 	215 	249 	209 	127 	135 	152 	219 	211 	150 
A,THS_T,GT06,CH	1969 	1526 	1439 	1151 	860 	750 	1196 	1222 	1501 	926 	975 	875 	731 	726 	900 
A,THS_T,GT06,CZ	1481 	1414 	1453 	1436 	1527 	1499 	1081 	944 	1036 	1281 	1192 	1581 	2085 	4230 	1986 
A,THS_T,GT06,DE	11683 	9440 	9858 	10045 	10198 	9725 	9155 	9138 	7619 	7541 	8065 	7722 	7601 	10565 	10252 
A,THS_T,GT06,DK	641 	333 	703 	1578 	1523 	1671 	1759 	1900 	2114 	1650 	1579 	1454 	1628 	1576 	1601 
A,THS_T,GT06,EE	130 	81 	107 	128 	78 	58 	44 	33 	22 	24 	34 	51 	28 	77 	17 
A,THS_T,GT06,EL	541 	337 	458 	225 	155 	149 	143 	127 	99 	85 	89 	80 	68 	50 	35 
A,THS_T,GT06,ES	793 	269 	464 	679 	805 	1102 	1305 	1241 	1085 	1049 	1015 	1023 	847 	948 	995 
A,THS_T,GT06,EU27_2020	: 	: 	: 	: 	: 	: 	: 	: 	: 	: 	: 	: 	: 	: c	: c
A,THS_T,GT06,FI	10669 	8478 	8837 	8790 	8682 	8164 	7886 	7847 	8039 	8479 	8493 	8098 	7450 	9602 	7058 
A,THS_T,GT06,FR	1353 	1630 	1579 	1119 	1415 	1674 	1076 	900 	781 	664 	479 	549 	459 	609 	480 
A,THS_T,GT06,HR	593 	377 	381 	322 	267 	221 	139 	107 	101 	81 	83 	102 	215 	181 	141 
A,THS_T,GT06,HU	2983 	2327 	2444 	1481 	1333 	1578 	1428 	1240 	1478 	1717 	1932 	1291 	1833 	1786 	1450 
A,THS_T,GT06,IE	0 	0 	0 	0 	0 	0 	0 	0 	0 	0 	0 	0 	0 	0 	0 
A,THS_T,GT06,IT	: c	1578 	: c	3068 	2572 	2028 	2040 	1824 	1371 	1981 	1893 	1834 	1934 	1933 	1468 
A,THS_T,GT06,LT	1288 	783 	1048 	1250 	959 	1016 	970 	866 	1110 	1157 	1199 	1233 	978 	902 	453 
A,THS_T,GT06,LU	: 	: 	: 	: 	0 	0 	: 	: 	0 	0 	0 	0 	0 	0 	3 
A,THS_T,GT06,LV	1036 	669 	878 	913 	966 	931 	1015 	1532 	1607 	1112 	1680 	2044 	2148 	1877 	1203 
A,THS_T,GT06,ME	: 	: 	: 	: 	: 	: 	: 	: 	: 	0 	0 	0 	0 	: 	: 
A,THS_T,GT06,MK	: 	383 	290 	203 	168 	160 	152 	114 	97 	98 	90 	90 	74 	73 	38 
A,THS_T,GT06,NL	888 	708 	: c	: c	908 	647 	669 	905 	962 	669 	635 	499 	691 	704 	722 
A,THS_T,GT06,NO	0 	0 	0 	335 	159 	1631 	3159 	2368 	2284 	1998 	1800 	476 	570 	370 	227 
A,THS_T,GT06,PL	1414 	1042 	1258 	1154 	1338 	1483 	1756 	1789 	1684 	1926 	2083 	2123 	1979 	1938 	1729 
A,THS_T,GT06,PT	353 	593 	922 	204 	273 	243 	264 	361 	332 	261 	215 	237 	237 	255 	225 
A,THS_T,GT06,RO	828 	399 	794 	1087 	1149 	1404 	1367 	1908 	2481 	3143 	2046 	1715 	2312 	2524 	2077 
A,THS_T,GT06,SE	7212 	7299 	6904 	6917 	6397 	6281 	6754 	6081 	6587 	6912 	7454 	6925 	7179 	7022 	: c
A,THS_T,GT06,SI	1616 	872 	899 	934 	739 	693 	587 	577 	840 	863 	825 	598 	887 	609 	650 
A,THS_T,GT06,SK	858 	416 	428 	431 	339 	320 	353 	291 	529 	323 	408 	394 	360 	425 	388 
A,THS_T,GT06,TR	96 	99 	174 	510 	463 	359 	353 	356 	335 	369 	208 	202 	251 	283 	370 
A,THS_T,GT06,UK	0 	134 	27 	0 	0 	0 	0 	0 	0 	0 	0 	0 	: 	: 	: 
A,THS_T,GT07,AT	: c	6625 	6588 	6292 	6384 	5947 	6170 	6235 	5829 	5956 	5794 	6013 	5736 	6163 	7260 
A,THS_T,GT07,BE	2378 	2192 	2788 	2515 	: 	: c	: c	: c	: c	: c	: c	: c	: c	: c	: c
A,THS_T,GT07,BG	6730 	5431 	5438 	5399 	4772 	1450 	1048 	1204 	1301 	1775 	2435 	2458 	2367 	4922 	2951 
A,THS_T,GT07,CH	8127 	8465 	7432 	7183 	7419 	7468 	6516 	6729 	6725 	7066 	6214 	6505 	5489 	4904 	4595 
A,THS_T,GT07,CZ	5289 	4850 	5673 	5826 	5193 	5739 	8362 	8904 	8294 	7585 	6558 	7426 	6158 	7673 	7190 
A,THS_T,GT07,DE	51972 	50977 	52097 	49974 	43223 	46818 	42472 	42558 	42928 	38685 	41331 	41334 	37977 	36157 	39956 
A,THS_T,GT07,DK	8 	3 	1 	1 	4 	3 	0 	0 	0 	0 	3 	3 	2 	0 	0 
A,THS_T,GT07,EE	29352 	25394 	20238 	19561 	15879 	15817 	10463 	8141 	4535 	3561 	3951 	4270 	3201 	4699 	4207 
A,THS_T,GT07,EL	324 	296 	291 	265 	287 	221 	116 	92 	102 	163 	139 	47 	73 	44 	36 
A,THS_T,GT07,ES	932 	942 	874 	720 	550 	370 	360 	468 	307 	339 	353 	332 	300 	304 	366 
A,THS_T,GT07,EU27_2020	: 	: 	: 	: 	: 	: 	: 	: 	: 	: 	: 	: 	: 	: c	: c
A,THS_T,GT07,FI	2106 	2260 	2174 	1747 	1746 	1801 	1664 	1467 	1433 	1234 	1078 	1126 	1282 	1564 	1640 
A,THS_T,GT07,FR	6831 	6684 	5879 	5040 	4767 	6368 	6086 	7300 	6514 	6584 	6586 	5282 	4966 	5894 	5165 
A,THS_T,GT07,HR	1658 	1530 	1597 	1285 	1302 	1311 	1329 	1273 	907 	1198 	1357 	1473 	1306 	1111 	1171 
A,THS_T,GT07,HU	3312 	2610 	2898 	2386 	2252 	4245 	4431 	4145 	3969 	3369 	2803 	3035 	2617 	3298 	3588 
A,THS_T,GT07,IE	0 	0 	0 	0 	0 	0 	0 	0 	0 	0 	0 	0 	0 	0 	0 
A,THS_T,GT07,IT	: c	2071 	: c	2016 	1968 	1939 	2176 	2153 	1821 	1721 	1962 	2023 	1507 	1672 	1668 
A,THS_T,GT07,LT	20164 	16727 	16064 	16992 	16683 	15506 	13062 	13940 	13847 	13331 	12963 	12609 	10052 	9311 	9448 
A,THS_T,GT07,LU	: 	: 	: 	: 	0 	0 	: 	: 	575 	768 	730 	708 	534 	518 	476 
A,THS_T,GT07,LV	19706 	20941 	17691 	20465 	18372 	21732 	21293 	21764 	16624 	13014 	11182 	9398 	6567 	6180 	4075 
A,THS_T,GT07,ME	: 	: 	: 	: 	: 	: 	: 	: 	: 	32 	26 	20 	0 	: 	: 
A,THS_T,GT07,MK	: 	355 	289 	298 	278 	240 	217 	173 	137 	151 	131 	191 	187 	145 	143 
A,THS_T,GT07,NL	337 	291 	: c	: c	349 	660 	441 	655 	723 	713 	676 	764 	922 	1010 	1066 
A,THS_T,GT07,NO	444 	442 	383 	420 	682 	487 	21 	516 	526 	525 	621 	611 	244 	145 	343 
A,THS_T,GT07,PL	24841 	21487 	25096 	22783 	22183 	22647 	21656 	22138 	26165 	27391 	27750 	27419 	25336 	28481 	30077 
A,THS_T,GT07,PT	1941 	1506 	1010 	1244 	1824 	1345 	1275 	1680 	1642 	1851 	1439 	770 	94 	101 	151 
A,THS_T,GT07,RO	12456 	11953 	12470 	12428 	13529 	12822 	14568 	15155 	15718 	16051 	13456 	14824 	11435 	12806 	11588 
A,THS_T,GT07,SE	1524 	1308 	1419 	1469 	1409 	1449 	1396 	1437 	1491 	1421 	1415 	1375 	1283 	1158 	: c
A,THS_T,GT07,SI	1813 	1746 	1758 	1640 	1713 	1819 	1818 	1732 	1536 	1684 	1627 	1391 	1533 	1577 	1745 
A,THS_T,GT07,SK	4197 	4277 	4425 	3929 	3557 	3855 	3092 	3122 	3710 	3963 	3354 	3549 	3249 	3198 	3093 
A,THS_T,GT07,TR	864 	1246 	1248 	2133 	1674 	1340 	1474 	1998 	2139 	2239 	2453 	3003 	2518 	2534 	3090 
A,THS_T,GT07,UK	6211 	5818 	5352 	5369 	6564 	0 	0 	4149 	3649 	3214 	3343 	3412 	: 	: 	: 
A,THS_T,GT08,AT	: c	3541 	3739 	3776 	3993 	3768 	4104 	4220 	4305 	4476 	4647 	4709 	4472 	4636 	4436 
A,THS_T,GT08,BE	3778 	3713 	4723 	4260 	: 	: c	: c	: c	: c	: c	: c	: c	: c	: c	: c
A,THS_T,GT08,BG	2466 	1502 	1582 	1792 	1570 	1676 	1729 	2121 	1811 	2328 	2105 	2035 	4682 	2700 	5462 
A,THS_T,GT08,CH	2327 	1846 	2006 	2283 	2240 	2479 	2678 	2655 	2720 	2867 	2105 	2095 	2384 	2101 	1926 
A,THS_T,GT08,CZ	4030 	3465 	3859 	4115 	3605 	3858 	4060 	4096 	4459 	4829 	5315 	4540 	4674 	5134 	4392 
A,THS_T,GT08,DE	30077 	26329 	30119 	30603 	32041 	30514 	29649 	29638 	26314 	25480 	26445 	24319 	24824 	25505 	23589 
A,THS_T,GT08,DK	325 	194 	290 	273 	252 	209 	255 	243 	207 	249 	249 	268 	252 	230 	195 
A,THS_T,GT08,EE	1457 	1935 	2615 	3283 	4867 	4078 	4563 	4771 	5316 	5389 	6445 	7483 	7802 	12604 	2562 
A,THS_T,GT08,EL	66 	33 	46 	39 	17 	17 	18 	23 	9 	10 	11 	6 	16 	2 	1 
A,THS_T,GT08,ES	356 	900 	972 	963 	778 	1103 	1315 	1337 	1215 	1176 	1692 	1808 	1916 	1964 	1785 
A,THS_T,GT08,EU27_2020	: 	: 	: 	: 	: 	: 	: 	: 	: 	: 	: 	: 	: 	: c	: c
A,THS_T,GT08,FI	5131 	3790 	4457 	5062 	6418 	6101 	6054 	4695 	4593 	5748 	6055 	6525 	7128 	6517 	5319 
A,THS_T,GT08,FR	9965 	7576 	7810 	6921 	5975 	6510 	6729 	7800 	7252 	8260 	5282 	5524 	6134 	5963 	5354 
A,THS_T,GT08,HR	1742 	1301 	1608 	1473 	1306 	1255 	1113 	1308 	851 	999 	883 	797 	712 	590 	419 
A,THS_T,GT08,HU	3142 	3053 	2951 	2904 	2855 	3613 	3449 	3943 	3962 	4284 	4047 	4333 	3506 	3334 	2904 
A,THS_T,GT08,IE	0 	0 	0 	0 	0 	0 	0 	0 	0 	0 	0 	0 	0 	0 	0 
A,THS_T,GT08,IT	: c	1792 	: c	2708 	2424 	2095 	2263 	2845 	3620 	3386 	3165 	3235 	3872 	3660 	3838 
A,THS_T,GT08,LT	11401 	9487 	12149 	13996 	13319 	11242 	14779 	15110 	14110 	15490 	16289 	16368 	17180 	16896 	4223 
A,THS_T,GT08,LU	: 	: 	: 	: 	207 	127 	: 	: 	38 	105 	110 	42 	33 	0 	0 
A,THS_T,GT08,LV	3050 	6660 	2417 	8993 	10052 	4755 	6724 	5899 	5517 	4878 	5080 	4948 	3948 	3884 	2361 
A,THS_T,GT08,ME	: 	: 	: 	: 	: 	: 	: 	: 	: 	85 	60 	67 	63 	: 	: 
A,THS_T,GT08,MK	: 	73 	79 	57 	44 	64 	89 	83 	81 	86 	114 	110 	78 	122 	107 
A,THS_T,GT08,NL	2952 	3173 	: c	: c	2900 	2882 	2936 	3340 	3261 	3637 	2483 	3117 	3679 	3369 	3317 
A,THS_T,GT08,NO	40 	39 	31 	56 	59 	23 	28 	24 	25 	23 	52 	14 	12 	35 	4 
A,THS_T,GT08,PL	8269 	6804 	8171 	9073 	8800 	8944 	8119 	7663 	7690 	8605 	9001 	9823 	10317 	10627 	9912 
A,THS_T,GT08,PT	210 	196 	106 	112 	157 	153 	162 	225 	208 	209 	200 	210 	201 	216 	218 
A,THS_T,GT08,RO	4585 	2977 	3822 	4009 	2766 	2556 	2648 	2307 	2316 	2931 	3121 	2892 	2663 	2528 	1350 
A,THS_T,GT08,SE	816 	774 	863 	1242 	1310 	1280 	1260 	1290 	1285 	1202 	1528 	1213 	1297 	1551 	: c
A,THS_T,GT08,SI	390 	351 	424 	342 	306 	263 	263 	306 	255 	275 	218 	0 	143 	145 	119 
A,THS_T,GT08,SK	3228 	2350 	2519 	2626 	1942 	2315 	2519 	3120 	2263 	2346 	1794 	2200 	2139 	2093 	1648 
A,THS_T,GT08,TR	311 	174 	1447 	2307 	2420 	2267 	2651 	2258 	2796 	2775 	3190 	2356 	1920 	2141 	1694 
A,THS_T,GT08,UK	419 	159 	154 	881 	571 	1300 	2773 	3589 	3096 	2925 	3315 	4117 	: 	: 	: 
A,THS_T,GT09,AT	: c	1486 	1333 	1086 	926 	1327 	1628 	1585 	1559 	1517 	1540 	1670 	1883 	1863 	1565 
A,THS_T,GT09,BE	1277 	802 	1020 	920 	: 	: c	: c	: c	: c	: c	: c	: c	: c	: c	: c
A,THS_T,GT09,BG	746 	303 	185 	186 	369 	356 	352 	803 	781 	780 	921 	790 	954 	1490 	1049 
A,THS_T,GT09,CH	2548 	2357 	2560 	2446 	2318 	2275 	2266 	2147 	2138 	2120 	2114 	1936 	1860 	1898 	1798 
A,THS_T,GT09,CZ	2276 	1736 	1641 	1595 	1277 	1228 	1332 	1522 	1455 	1663 	1742 	1793 	1996 	2243 	2487 
A,THS_T,GT09,DE	11021 	11684 	11204 	11370 	10768 	11264 	11627 	12793 	11406 	11511 	11057 	10495 	8885 	10365 	10895 
A,THS_T,GT09,DK	105 	75 	136 	204 	196 	109 	235 	209 	359 	362 	351 	346 	444 	392 	332 
A,THS_T,GT09,EE	1331 	825 	832 	1058 	1230 	1191 	1080 	459 	313 	990 	1396 	207 	31 	34 	38 
A,THS_T,GT09,EL	491 	410 	378 	236 	67 	70 	110 	103 	77 	79 	72 	61 	66 	119 	86 
A,THS_T,GT09,ES	213 	1973 	1588 	1417 	1345 	1239 	1379 	981 	860 	932 	796 	784 	761 	842 	934 
A,THS_T,GT09,EU27_2020	: 	: 	: 	: 	: 	: 	: 	: 	: 	: 	: 	: 	: 	: c	: c
A,THS_T,GT09,FI	120 	109 	113 	108 	108 	115 	100 	99 	190 	101 	58 	57 	71 	53 	11 
A,THS_T,GT09,FR	7428 	7196 	12505 	9663 	9903 	7053 	6483 	6900 	6441 	7605 	7708 	10140 	6599 	9233 	9867 
A,THS_T,GT09,HR	633 	465 	408 	448 	336 	324 	286 	163 	345 	347 	330 	299 	229 	273 	363 
A,THS_T,GT09,HU	6405 	758 	477 	397 	383 	503 	543 	893 	785 	973 	922 	861 	1011 	1044 	792 
A,THS_T,GT09,IE	108 	33 	0 	0 	0 	0 	0 	0 	0 	0 	0 	0 	0 	0 	0 
A,THS_T,GT09,IT	: c	587 	: c	717 	954 	1997 	2062 	1326 	1546 	1543 	1529 	802 	1419 	1593 	3484 
A,THS_T,GT09,LT	1805 	909 	1241 	1319 	1262 	1399 	1401 	1263 	1717 	1945 	2018 	2116 	1913 	2096 	1681 
A,THS_T,GT09,LU	: 	: 	: 	: 	0 	0 	: 	: 	866 	604 	582 	868 	825 	723 	540 
A,THS_T,GT09,LV	7005 	184 	5204 	106 	130 	119 	118 	81 	104 	105 	166 	120 	188 	307 	236 
A,THS_T,GT09,ME	: 	: 	: 	: 	: 	: 	: 	: 	: 	0 	5 	10 	0 	: 	: 
A,THS_T,GT09,MK	: 	45 	38 	34 	34 	32 	29 	19 	16 	14 	20 	13 	5 	4 	3 
A,THS_T,GT09,NL	382 	349 	: c	: c	538 	459 	420 	526 	436 	888 	969 	711 	397 	531 	393 
A,THS_T,GT09,NO	0 	0 	0 	22 	59 	92 	85 	5 	71 	73 	548 	641 	721 	210 	164 
A,THS_T,GT09,PL	4893 	4074 	3779 	3882 	3069 	2749 	2904 	2476 	2376 	3119 	3190 	2718 	3170 	3387 	2947 
A,THS_T,GT09,PT	2050 	1820 	2145 	1793 	1666 	1678 	1943 	1891 	1072 	637 	579 	610 	689 	741 	782 
A,THS_T,GT09,RO	1440 	497 	457 	1449 	1070 	1196 	1360 	1693 	1647 	1094 	1899 	2848 	2770 	3017 	2675 
A,THS_T,GT09,SE	568 	592 	552 	499 	486 	479 	361 	339 	377 	341 	330 	212 	383 	399 	: c
A,THS_T,GT09,SI	492 	336 	271 	197 	186 	143 	168 	203 	187 	165 	222 	202 	168 	188 	170 
A,THS_T,GT09,SK	1172 	549 	430 	359 	286 	465 	470 	618 	611 	649 	803 	454 	492 	606 	969 
A,THS_T,GT09,TR	1488 	1014 	1224 	2784 	2425 	2115 	2378 	2267 	2381 	2739 	3331 	3347 	4071 	5117 	5475 
A,THS_T,GT09,UK	22031 	12914 	12988 	15342 	22523 	15231 	17852 	20560 	19555 	19218 	16048 	13380 	: 	: 	: 
A,THS_T,GT10,AT	: c	5309 	6434 	7080 	6631 	7258 	7652 	7775 	7988 	8801 	8889 	7364 	6489 	7877 	7775 
A,THS_T,GT10,BE	20551 	10014 	12738 	11490 	: 	: c	: c	: c	: c	: c	: c	: c	: c	: c	: c
A,THS_T,GT10,BG	3315 	1839 	2056 	2518 	1785 	763 	784 	819 	764 	870 	940 	951 	1288 	1278 	1170 
A,THS_T,GT10,CH	3845 	2231 	3037 	2847 	2686 	2564 	3846 	3881 	3824 	3808 	4071 	3707 	3423 	4258 	4037 
A,THS_T,GT10,CZ	6821 	5015 	6660 	6672 	6426 	6259 	6260 	5900 	6531 	6705 	7271 	6039 	5692 	6314 	5499 
A,THS_T,GT10,DE	66963 	45194 	62319 	67693 	64238 	61023 	59906 	59098 	57514 	58764 	57116 	51588 	47302 	57225 	52392 
A,THS_T,GT10,DK	1225 	398 	982 	1179 	1116 	959 	1054 	1272 	1344 	1503 	1411 	1317 	1286 	1376 	1275 
A,THS_T,GT10,EE	832 	424 	404 	388 	338 	221 	202 	138 	189 	231 	197 	156 	128 	181 	472 
A,THS_T,GT10,EL	1095 	829 	1075 	985 	768 	709 	820 	261 	242 	239 	267 	331 	254 	296 	218 
A,THS_T,GT10,ES	4 	2233 	2733 	2744 	2313 	3046 	3096 	3330 	3147 	3318 	4635 	4212 	3238 	4029 	3852 
A,THS_T,GT10,EU27_2020	: 	: 	: 	: 	: 	: 	: 	: 	: 	: 	: 	: 	: 	: c	: c
A,THS_T,GT10,FI	2769 	1943 	2393 	2298 	2137 	1994 	1841 	1972 	2325 	2797 	2524 	1937 	2164 	2282 	1810 
A,THS_T,GT10,FR	18257 	12489 	14497 	14865 	13670 	14574 	15359 	16200 	15106 	15169 	13893 	12825 	11943 	13810 	12467 
A,THS_T,GT10,HR	1585 	1227 	1157 	1126 	1147 	1158 	1045 	848 	724 	560 	830 	705 	510 	810 	755 
A,THS_T,GT10,HU	4376 	2916 	2677 	4124 	4645 	5397 	4550 	3716 	4066 	4056 	3965 	2563 	2093 	2059 	1819 
A,THS_T,GT10,IE	0 	0 	0 	0 	0 	0 	0 	0 	0 	0 	0 	0 	0 	0 	0 
A,THS_T,GT10,IT	: c	8185 	9756 	11805 	10383 	12195 	11749 	11473 	13663 	13363 	11418 	11051 	9857 	11394 	9203 
A,THS_T,GT10,LT	3198 	1227 	2034 	2990 	2800 	2511 	2543 	3303 	2832 	2847 	3205 	2368 	1938 	2028 	1120 
A,THS_T,GT10,LU	: 	: 	: 	: 	573 	583 	: 	: 	2986 	2903 	3063 	2707 	2082 	2105 	1926 
A,THS_T,GT10,LV	2734 	1790 	2647 	2078 	1763 	1885 	1652 	1257 	1799 	1839 	1521 	1188 	671 	791 	884 
A,THS_T,GT10,ME	: 	: 	: 	: 	: 	: 	: 	: 	: 	200 	60 	100 	6 	: 	: 
A,THS_T,GT10,MK	: 	5 	859 	803 	533 	385 	510 	485 	584 	597 	552 	605 	486 	579 	402 
A,THS_T,GT10,NL	2197 	1735 	: c	: c	2046 	2361 	2532 	2884 	3242 	3316 	3199 	2733 	2384 	2781 	2332 
A,THS_T,GT10,NO	0 	0 	0 	113 	114 	983 	64 	131 	38 	26 	14 	13 	20 	16 	19 
A,THS_T,GT10,PL	11072 	6507 	7121 	7409 	7281 	6228 	6768 	6748 	8502 	9415 	10108 	9042 	8892 	9995 	10686 
A,THS_T,GT10,PT	315 	389 	746 	802 	642 	844 	1033 	1211 	1086 	1229 	1156 	1214 	948 	1019 	1179 
A,THS_T,GT10,RO	4573 	2082 	2672 	2912 	1704 	2097 	2377 	2064 	2103 	2491 	3157 	2654 	2159 	2762 	2741 
A,THS_T,GT10,SE	5944 	3833 	5783 	5270 	4031 	5124 	4166 	4768 	4930 	4990 	5096 	4228 	5012 	5770 	: c
A,THS_T,GT10,SI	1624 	1069 	1194 	1332 	1074 	1245 	1273 	1222 	1303 	1413 	1580 	1320 	899 	890 	946 
A,THS_T,GT10,SK	6410 	3812 	4823 	4490 	4591 	4821 	4533 	4173 	4694 	4678 	3827 	3409 	2819 	3629 	3213 
A,THS_T,GT10,TR	564 	884 	832 	1491 	1589 	1342 	1200 	1382 	1420 	1250 	1235 	1496 	1737 	2163 	2041 
A,THS_T,GT10,UK	8950 	6654 	8225 	12731 	8673 	7419 	8698 	8365 	6764 	7407 	7187 	7290 	: 	: 	: 
A,THS_T,GT11,AT	: c	275 	229 	227 	208 	221 	197 	194 	394 	528 	482 	366 	427 	414 	355 
A,THS_T,GT11,BE	75 	20 	26 	23 	: 	: c	: c	: c	: c	: c	: c	: c	: c	: c	: c
A,THS_T,GT11,BG	80 	44 	59 	86 	61 	48 	36 	63 	87 	40 	41 	36 	243 	211 	29 
A,THS_T,GT11,CH	133 	85 	56 	44 	45 	82 	55 	52 	38 	32 	29 	29 	31 	35 	39 
A,THS_T,GT11,CZ	83 	73 	53 	61 	50 	42 	31 	30 	30 	24 	24 	89 	117 	141 	104 
A,THS_T,GT11,DE	1303 	782 	849 	873 	938 	959 	1109 	1124 	879 	1011 	793 	682 	471 	588 	605 
A,THS_T,GT11,DK	29 	15 	33 	32 	30 	35 	54 	56 	54 	65 	59 	51 	49 	53 	71 
A,THS_T,GT11,EE	40 	34 	29 	46 	57 	107 	73 	54 	59 	56 	60 	54 	56 	47 	40 
A,THS_T,GT11,EL	92 	56 	66 	58 	18 	20 	21 	15 	12 	10 	9 	5 	2 	2 	1 
A,THS_T,GT11,ES	15 	2 	3 	4 	3 	7 	6 	4 	4 	3 	5 	2 	2 	5 	6 
A,THS_T,GT11,EU27_2020	: 	: 	: 	: 	: 	: 	: 	: 	: 	: 	: 	: 	: 	: c	: c
A,THS_T,GT11,FI	132 	76 	56 	63 	52 	41 	34 	40 	42 	38 	48 	45 	67 	122 	57 
A,THS_T,GT11,FR	219 	110 	122 	135 	124 	99 	127 	100 	87 	85 	67 	45 	52 	57 	56 
A,THS_T,GT11,HR	47 	35 	31 	29 	25 	28 	22 	22 	27 	17 	19 	37 	73 	29 	27 
A,THS_T,GT11,HU	185 	342 	352 	593 	508 	734 	640 	569 	579 	639 	688 	554 	401 	670 	312 
A,THS_T,GT11,IE	0 	0 	0 	0 	0 	0 	0 	0 	0 	0 	0 	0 	0 	0 	0 
A,THS_T,GT11,IT	: c	220 	: c	402 	363 	328 	98 	117 	138 	162 	145 	182 	216 	197 	220 
A,THS_T,GT11,LT	171 	82 	108 	118 	88 	84 	79 	65 	69 	89 	106 	107 	195 	432 	120 
A,THS_T,GT11,LU	: 	: 	: 	: 	752 	652 	: 	: 	0 	0 	0 	0 	0 	0 	0 
A,THS_T,GT11,LV	87 	70 	74 	92 	108 	109 	108 	90 	100 	96 	118 	88 	116 	73 	71 
A,THS_T,GT11,ME	: 	: 	: 	: 	: 	: 	: 	: 	: 	0 	192 	126 	78 	: 	: 
A,THS_T,GT11,MK	: 	28 	19 	18 	12 	14 	12 	9 	8 	8 	8 	4 	2 	2 	2 
A,THS_T,GT11,NL	44 	29 	: c	: c	19 	14 	11 	14 	15 	17 	16 	20 	15 	13 	13 
A,THS_T,GT11,NO	0 	0 	0 	0 	1 	0 	0 	0 	0 	0 	0 	0 	0 	0 	0 
A,THS_T,GT11,PL	240 	162 	80 	112 	203 	355 	158 	125 	95 	239 	206 	247 	327 	517 	286 
A,THS_T,GT11,PT	0 	0 	1 	0 	0 	0 	0 	0 	0 	0 	0 	0 	0 	0 	0 
A,THS_T,GT11,RO	34 	10 	5 	8 	4 	14 	57 	63 	129 	158 	25 	56 	29 	30 	31 
A,THS_T,GT11,SE	90 	96 	88 	95 	95 	69 	78 	76 	62 	60 	56 	31 	67 	111 	: c
A,THS_T,GT11,SI	87 	50 	43 	44 	39 	42 	44 	49 	43 	34 	31 	30 	23 	25 	16 
A,THS_T,GT11,SK	105 	53 	42 	47 	40 	25 	16 	13 	13 	10 	9 	4 	5 	4 	2 
A,THS_T,GT11,TR	15 	17 	17 	145 	221 	324 	336 	286 	369 	389 	443 	471 	586 	700 	772 
A,THS_T,GT11,UK	0 	3 	0 	0 	0 	0 	0 	0 	424 	423 	0 	0 	: 	: 	: 
A,THS_T,GT12,AT	: c	3925 	4246 	4440 	4078 	4136 	4876 	5564 	5748 	4748 	4439 	4927 	4627 	4109 	4199 
A,THS_T,GT12,BE	1266 	901 	1146 	1034 	: 	: c	: c	: c	: c	: c	: c	: c	: c	: c	: c
A,THS_T,GT12,BG	187 	93 	268 	277 	188 	176 	184 	183 	143 	140 	102 	112 	200 	233 	92 
A,THS_T,GT12,CH	1568 	1322 	1497 	1475 	1396 	1403 	3032 	1464 	1467 	1395 	1338 	1335 	1022 	1018 	962 
A,THS_T,GT12,CZ	1230 	1556 	1466 	1416 	1521 	1741 	2327 	2801 	2520 	2333 	3245 	2583 	2187 	2085 	1846 
A,THS_T,GT12,DE	9755 	7842 	9621 	10102 	12687 	12866 	12830 	14125 	10198 	9779 	12652 	14098 	9315 	10713 	9978 
A,THS_T,GT12,DK	135 	34 	85 	84 	79 	89 	98 	102 	130 	158 	201 	270 	272 	286 	274 
A,THS_T,GT12,EE	25 	8 	18 	13 	22 	16 	4 	3 	1 	2 	2 	0 	0 	0 	5 
A,THS_T,GT12,EL	0 	0 	0 	0 	0 	0 	0 	0 	0 	0 	0 	: 	0 	: 	0 
A,THS_T,GT12,ES	8803 	1306 	1291 	1785 	1625 	1719 	1761 	1935 	1874 	1796 	1516 	1409 	981 	949 	1127 
A,THS_T,GT12,EU27_2020	: 	: 	: 	: 	: 	: 	: 	: 	: 	: 	: 	: 	: 	: c	: c
A,THS_T,GT12,FI	802 	671 	557 	331 	228 	249 	122 	60 	36 	45 	56 	43 	45 	58 	41 
A,THS_T,GT12,FR	2897 	2165 	1797 	1771 	2371 	5932 	5358 	6500 	6805 	3746 	6056 	5154 	2414 	1478 	1241 
A,THS_T,GT12,HR	135 	97 	85 	87 	43 	115 	75 	50 	47 	37 	30 	32 	23 	15 	13 
A,THS_T,GT12,HU	1826 	844 	860 	772 	678 	818 	734 	866 	1022 	1318 	1878 	1864 	2203 	2705 	2217 
A,THS_T,GT12,IE	0 	0 	0 	0 	0 	0 	0 	0 	0 	0 	0 	0 	0 	0 	0 
A,THS_T,GT12,IT	: c	1740 	1483 	1375 	1360 	1172 	1160 	1289 	1504 	1669 	3008 	2326 	2220 	2774 	3335 
A,THS_T,GT12,LT	520 	320 	419 	478 	538 	525 	413 	219 	234 	359 	445 	465 	386 	419 	181 
A,THS_T,GT12,LU	: 	: 	: 	: 	0 	0 	: 	: 	0 	0 	0 	0 	0 	0 	0 
A,THS_T,GT12,LV	204 	157 	147 	183 	163 	185 	178 	105 	86 	97 	118 	190 	240 	138 	98 
A,THS_T,GT12,ME	: 	: 	: 	: 	: 	: 	: 	: 	: 	265 	28 	3 	41 	: 	: 
A,THS_T,GT12,MK	: 	16 	8 	9 	6 	3 	3 	6 	4 	6 	5 	4 	1 	6 	5 
A,THS_T,GT12,NL	646 	559 	: c	: c	628 	677 	500 	1023 	513 	1116 	868 	1006 	899 	700 	706 
A,THS_T,GT12,NO	0 	0 	0 	46 	182 	85 	79 	8 	53 	57 	67 	57 	62 	63 	62 
A,THS_T,GT12,PL	1303 	821 	790 	995 	978 	1000 	889 	722 	682 	903 	1226 	1431 	1384 	1394 	1238 
A,THS_T,GT12,PT	124 	94 	125 	135 	70 	23 	4 	2 	1 	18 	18 	25 	47 	50 	155 
A,THS_T,GT12,RO	314 	206 	175 	225 	232 	347 	288 	127 	358 	536 	576 	422 	278 	261 	301 
A,THS_T,GT12,SE	771 	589 	691 	794 	931 	818 	781 	927 	1029 	1218 	1157 	1197 	1200 	1126 	: c
A,THS_T,GT12,SI	439 	330 	262 	144 	136 	170 	244 	305 	372 	325 	290 	292 	327 	367 	400 
A,THS_T,GT12,SK	682 	432 	493 	668 	888 	944 	812 	892 	852 	799 	687 	911 	905 	888 	837 
A,THS_T,GT12,TR	0 	0 	18 	726 	415 	486 	380 	283 	293 	955 	971 	710 	346 	410 	395 
A,THS_T,GT12,UK	0 	0 	0 	386 	494 	426 	282 	585 	363 	361 	440 	386 	: 	: 	: 
A,THS_T,GT13,AT	: c	17 	21 	19 	15 	20 	17 	18 	17 	29 	26 	11 	8 	9 	10 
A,THS_T,GT13,BE	2 	4 	5 	4 	: 	: c	: c	: c	: c	: c	: c	: c	: c	: c	: c
A,THS_T,GT13,BG	2 	1 	0 	0 	0 	0 	0 	4 	2 	2 	4 	2 	3 	8 	193 
A,THS_T,GT13,CH	19 	5 	5 	14 	13 	18 	21 	32 	26 	18 	23 	20 	15 	14 	17 
A,THS_T,GT13,CZ	4 	26 	18 	3 	0 	0 	0 	0 	1 	3 	7 	5 	1 	0 	0 
A,THS_T,GT13,DE	571 	578 	54 	38 	80 	253 	63 	77 	21 	16 	21 	17 	20 	16 	13 
A,THS_T,GT13,DK	8 	5 	7 	7 	7 	5 	4 	3 	2 	0 	0 	0 	0 	0 	3 
A,THS_T,GT13,EE	0 	0 	4 	14 	12 	17 	30 	18 	9 	18 	9 	4 	0 	1 	2 
A,THS_T,GT13,EL	61 	32 	33 	26 	15 	16 	19 	13 	16 	10 	9 	8 	4 	3 	3 
A,THS_T,GT13,ES	0 	0 	0 	0 	0 	0 	0 	0 	0 	0 	0 	0 	0 	0 	19 
A,THS_T,GT13,EU27_2020	: 	: 	: 	: 	: 	: 	: 	: 	: 	: 	: 	: 	: 	: c	: c
A,THS_T,GT13,FI	3 	2 	0 	0 	0 	0 	0 	0 	0 	1 	0 	0 	0 	0 	0 
A,THS_T,GT13,FR	61 	14 	0 	0 	198 	102 	121 	100 	471 	0 	0 	1 	5 	4 	9 
A,THS_T,GT13,HR	2 	0 	0 	0 	0 	0 	0 	0 	0 	0 	0 	0 	0 	4 	6 
A,THS_T,GT13,HU	4256 	18 	19 	13 	5 	57 	26 	45 	23 	82 	10 	14 	14 	12 	4 
A,THS_T,GT13,IE	0 	0 	0 	0 	0 	0 	0 	0 	0 	0 	0 	0 	0 	0 	0 
A,THS_T,GT13,IT	: c	25 	: c	118 	106 	498 	: c	: c	100 	91 	101 	83 	75 	105 	90 
A,THS_T,GT13,LT	29 	11 	14 	20 	23 	23 	29 	18 	16 	21 	21 	24 	33 	71 	66 
A,THS_T,GT13,LU	: 	: 	: 	: 	2807 	2493 	: 	: 	0 	0 	0 	0 	0 	0 	0 
A,THS_T,GT13,LV	4 	11 	12 	9 	21 	13 	17 	30 	14 	11 	14 	21 	38 	34 	19 
A,THS_T,GT13,ME	: 	: 	: 	: 	: 	: 	: 	: 	: 	0 	0 	0 	0 	: 	: 
A,THS_T,GT13,MK	: 	0 	13 	11 	3 	6 	6 	2 	0 	1 	0 	0 	1 	1 	0 
A,THS_T,GT13,NL	1 	3 	: c	: c	0 	0 	0 	0 	0 	0 	0 	0 	0 	0 	0 
A,THS_T,GT13,NO	0 	0 	0 	0 	0 	0 	0 	0 	0 	61 	0 	0 	0 	0 	0 
A,THS_T,GT13,PL	220 	116 	73 	81 	115 	362 	350 	76 	78 	75 	185 	275 	918 	101 	91 
A,THS_T,GT13,PT	0 	0 	18 	9 	0 	0 	0 	0 	0 	0 	0 	0 	0 	0 	0 
A,THS_T,GT13,RO	3 	1 	0 	1 	0 	0 	0 	3 	0 	0 	0 	0 	0 	0 	0 
A,THS_T,GT13,SE	103 	97 	61 	79 	113 	61 	73 	77 	58 	29 	29 	0 	1 	3 	: c
A,THS_T,GT13,SI	2 	0 	0 	0 	0 	0 	0 	0 	0 	0 	0 	0 	0 	0 	0 
A,THS_T,GT13,SK	67 	41 	56 	10 	10 	10 	8 	5 	2 	7 	8 	7 	1 	1 	1 
A,THS_T,GT13,TR	0 	0 	5 	224 	286 	289 	280 	250 	256 	288 	342 	408 	378 	389 	466 
A,THS_T,GT13,UK	0 	346 	262 	0 	0 	0 	0 	0 	0 	0 	0 	0 	: 	: 	: 
A,THS_T,GT14,AT	: c	4221 	5257 	5384 	4990 	6462 	6480 	6109 	6558 	7169 	6641 	6072 	6111 	5136 	4803 
A,THS_T,GT14,BE	981 	592 	753 	679 	: 	: c	: c	: c	: c	: c	: c	: c	: c	: c	: c
A,THS_T,GT14,BG	231 	62 	72 	52 	69 	788 	798 	716 	616 	719 	744 	680 	643 	605 	504 
A,THS_T,GT14,CH	1731 	1279 	1783 	1775 	1634 	1567 	1585 	1524 	1433 	1369 	1431 	1436 	1453 	1705 	1607 
A,THS_T,GT14,CZ	4441 	3044 	3508 	3877 	3532 	3206 	3246 	2908 	3002 	3126 	3190 	3036 	3333 	3875 	3327 
A,THS_T,GT14,DE	16654 	13462 	15333 	16204 	15518 	15068 	14574 	13789 	13033 	13164 	12193 	11523 	9969 	11236 	11459 
A,THS_T,GT14,DK	159 	125 	297 	354 	353 	278 	242 	223 	181 	185 	171 	256 	288 	271 	257 
A,THS_T,GT14,EE	25 	13 	24 	13 	14 	18 	15 	4 	2 	4 	3 	3 	2 	1 	0 
A,THS_T,GT14,EL	0 	0 	0 	0 	0 	0 	0 	0 	0 	0 	0 	: 	0 	: 	0 
A,THS_T,GT14,ES	0 	165 	178 	102 	68 	118 	290 	76 	119 	89 	112 	67 	45 	37 	70 
A,THS_T,GT14,EU27_2020	: 	: 	: 	: 	: 	: 	: 	: 	: 	: 	: 	: 	: 	: c	: c
A,THS_T,GT14,FI	534 	282 	281 	193 	149 	153 	139 	86 	88 	95 	87 	73 	77 	80 	65 
A,THS_T,GT14,FR	2703 	2345 	2219 	2502 	1956 	1486 	1413 	2200 	2084 	1794 	1596 	1430 	1491 	1480 	1391 
A,THS_T,GT14,HR	818 	564 	790 	895 	715 	618 	566 	370 	311 	396 	454 	492 	503 	686 	463 
A,THS_T,GT14,HU	745 	1354 	2147 	848 	714 	815 	840 	882 	852 	685 	684 	1651 	1497 	1459 	1210 
A,THS_T,GT14,IE	0 	0 	0 	0 	0 	0 	0 	0 	0 	0 	0 	0 	0 	0 	0 
A,THS_T,GT14,IT	: c	2128 	: c	1877 	1894 	: c	1523 	1507 	1734 	1626 	1549 	1467 	1348 	1462 	1417 
A,THS_T,GT14,LT	455 	260 	383 	406 	369 	246 	261 	219 	218 	281 	415 	509 	571 	622 	498 
A,THS_T,GT14,LU	: 	: 	: 	: 	1018 	1020 	: 	: 	0 	0 	0 	0 	0 	0 	0 
A,THS_T,GT14,LV	0 	0 	0 	0 	0 	0 	0 	0 	0 	0 	0 	0 	0 	0 	0 
A,THS_T,GT14,ME	: 	: 	: 	: 	: 	: 	: 	: 	: 	0 	46 	75 	56 	: 	: 
A,THS_T,GT14,MK	: 	0 	: 	0 	0 	0 	0 	0 	0 	0 	0 	0 	0 	0 	0 
A,THS_T,GT14,NL	1282 	632 	: c	: c	356 	442 	316 	356 	127 	56 	92 	93 	100 	114 	101 
A,THS_T,GT14,NO	0 	0 	0 	0 	12 	15 	13 	7 	8 	12 	12 	11 	13 	21 	19 
A,THS_T,GT14,PL	5293 	3993 	4351 	4861 	4053 	3768 	2919 	3317 	3308 	3682 	3277 	2770 	2890 	3239 	3104 
A,THS_T,GT14,PT	70 	68 	96 	125 	111 	170 	255 	320 	274 	239 	193 	275 	278 	299 	260 
A,THS_T,GT14,RO	2026 	968 	1150 	1192 	922 	875 	811 	590 	840 	979 	914 	1107 	739 	633 	841 
A,THS_T,GT14,SE	1664 	1335 	1596 	1655 	1124 	1431 	1549 	1557 	1604 	1638 	1713 	1530 	1711 	1705 	: c
A,THS_T,GT14,SI	1141 	664 	1057 	1250 	1092 	943 	833 	743 	824 	999 	899 	818 	698 	802 	715 
A,THS_T,GT14,SK	1929 	1343 	1641 	1791 	2049 	1911 	1661 	1633 	1722 	2074 	1921 	1907 	1550 	1524 	1223 
A,THS_T,GT14,TR	0 	0 	66 	225 	153 	218 	214 	164 	178 	193 	196 	114 	119 	429 	428 
A,THS_T,GT14,UK	1394 	3950 	4038 	1846 	3565 	7902 	7138 	2798 	1828 	1807 	2140 	2615 	: 	: 	: 
A,THS_T,GT15,AT	: c	28 	34 	38 	31 	20 	24 	22 	25 	26 	5 	0 	0 	0 	0 
A,THS_T,GT15,BE	0 	0 	0 	0 	: 	: c	: c	: c	: c	: c	: c	: c	: c	: c	: c
A,THS_T,GT15,BG	0 	0 	0 	0 	0 	0 	0 	0 	0 	0 	0 	0 	68 	0 	382 
A,THS_T,GT15,CH	0 	0 	2390 	1884 	1812 	2150 	2430 	2498 	2771 	2778 	2758 	2599 	2651 	2388 	2346 
A,THS_T,GT15,CZ	0 	0 	0 	0 	0 	0 	0 	0 	0 	0 	0 	0 	0 	0 	0 
A,THS_T,GT15,DE	0 	0 	0 	: 	: 	: 	: 	49 	: 	: 	: 	: 	: 	: 	0 
A,THS_T,GT15,DK	0 	0 	0 	0 	0 	0 	0 	: 	0 	0 	0 	0 	0 	0 	0 
A,THS_T,GT15,EE	0 	0 	0 	0 	0 	0 	0 	0 	0 	0 	0 	0 	0 	0 	0 
A,THS_T,GT15,EL	0 	0 	0 	0 	0 	0 	0 	0 	0 	0 	0 	: 	0 	: 	0 
A,THS_T,GT15,ES	0 	0 	0 	0 	0 	0 	0 	0 	0 	0 	0 	0 	0 	0 	0 
A,THS_T,GT15,EU27_2020	: 	: 	: 	: 	: 	: 	: 	: 	: 	: 	: 	: 	: 	: c	: c
A,THS_T,GT15,FI	0 	0 	0 	0 	0 	0 	0 	0 	0 	0 	0 	0 	0 	0 	0 
A,THS_T,GT15,FR	0 	0 	0 	0 	0 	0 	0 	0 	0 	0 	0 	0 	0 	0 	0 
A,THS_T,GT15,HR	0 	0 	0 	0 	0 	0 	0 	0 	0 	0 	0 	0 	0 	0 	0 
A,THS_T,GT15,HU	973 	0 	0 	: 	0 	: 	: 	: 	: 	0 	: 	: 	: 	: 	0 
A,THS_T,GT15,IE	0 	0 	0 	0 	0 	0 	0 	0 	0 	0 	0 	0 	0 	0 	0 
A,THS_T,GT15,IT	: c	0 	: c	0 	0 	0 	0 	0 	: c	: c	: c	: c	0 	0 	: c
A,THS_T,GT15,LT	0 	0 	0 	0 	0 	0 	0 	0 	0 	0 	0 	0 	0 	0 	0 
A,THS_T,GT15,LU	: 	: 	: 	: 	0 	0 	: 	: 	0 	0 	0 	0 	0 	0 	0 
A,THS_T,GT15,LV	0 	0 	0 	0 	0 	0 	0 	0 	0 	0 	0 	0 	0 	0 	0 
A,THS_T,GT15,ME	: 	: 	: 	: 	: 	: 	: 	: 	: 	0 	0 	0 	0 	: 	: 
A,THS_T,GT15,MK	: 	0 	: 	0 	0 	0 	0 	0 	0 	0 	0 	0 	0 	0 	0 
A,THS_T,GT15,NL	0 	0 	: c	: c	0 	0 	0 	0 	0 	0 	0 	0 	0 	0 	0 
A,THS_T,GT15,NO	0 	0 	0 	0 	0 	0 	0 	0 	0 	0 	0 	0 	0 	0 	0 
A,THS_T,GT15,PL	0 	0 	0 	0 	0 	0 	0 	0 	0 	0 	0 	0 	0 	0 	6 
A,THS_T,GT15,PT	0 	0 	0 	0 	0 	0 	0 	0 	0 	0 	0 	0 	0 	0 	0 
A,THS_T,GT15,RO	0 	0 	0 	0 	0 	0 	0 	0 	0 	0 	0 	0 	0 	0 	0 
A,THS_T,GT15,SE	248 	247 	208 	234 	227 	238 	247 	233 	243 	247 	260 	234 	227 	221 	: c
A,THS_T,GT15,SI	0 	0 	0 	0 	0 	0 	0 	0 	0 	0 	0 	0 	0 	0 	0 
A,THS_T,GT15,SK	0 	0 	0 	0 	0 	0 	0 	0 	3 	0 	0 	0 	0 	0 	0 
A,THS_T,GT15,TR	0 	0 	0 	0 	0 	0 	0 	0 	0 	0 	0 	0 	0 	0 	0 
A,THS_T,GT15,UK	0 	0 	112 	520 	516 	441 	502 	240 	226 	238 	211 	206 	: 	: 	: 
A,THS_T,GT16,AT	: c	1163 	1869 	1973 	1955 	951 	868 	839 	1090 	1161 	1148 	1201 	1069 	1683 	1597 
A,THS_T,GT16,BE	1124 	543 	690 	622 	: 	: c	: c	: c	: c	: c	: c	: c	: c	: c	: c
A,THS_T,GT16,BG	103 	66 	66 	48 	38 	47 	23 	36 	51 	35 	39 	36 	154 	220 	40 
A,THS_T,GT16,CH	706 	648 	1024 	918 	776 	680 	650 	1311 	614 	608 	539 	526 	543 	420 	440 
A,THS_T,GT16,CZ	292 	145 	164 	199 	176 	143 	244 	208 	360 	225 	244 	271 	232 	258 	370 
A,THS_T,GT16,DE	3390 	3069 	3583 	3325 	3428 	3877 	4293 	4215 	4467 	4625 	5402 	6064 	5965 	6915 	6855 
A,THS_T,GT16,DK	349 	269 	314 	306 	297 	187 	213 	243 	255 	260 	229 	169 	152 	167 	181 
A,THS_T,GT16,EE	0 	0 	0 	0 	0 	0 	0 	0 	0 	0 	0 	0 	0 	64 	11 
A,THS_T,GT16,EL	1061 	896 	1124 	555 	426 	355 	454 	580 	414 	593 	668 	736 	770 	890 	756 
A,THS_T,GT16,ES	0 	2 	2 	2 	0 	1 	0 	235 	232 	255 	503 	520 	2316 	571 	535 
A,THS_T,GT16,EU27_2020	: 	: 	: 	: 	: 	: 	: 	: 	: 	: 	: 	: 	: 	: c	: c
A,THS_T,GT16,FI	0 	4 	7 	3 	0 	0 	0 	0 	0 	0 	0 	0 	0 	0 	0 
A,THS_T,GT16,FR	767 	481 	2126 	239 	252 	114 	472 	600 	591 	976 	567 	1751 	1240 	483 	1010 
A,THS_T,GT16,HR	90 	59 	74 	62 	46 	48 	49 	47 	48 	54 	46 	46 	28 	27 	49 
A,THS_T,GT16,HU	922 	446 	353 	385 	225 	342 	169 	100 	68 	58 	89 	110 	184 	127 	39 
A,THS_T,GT16,IE	0 	0 	0 	0 	0 	0 	0 	0 	0 	0 	0 	0 	0 	0 	0 
A,THS_T,GT16,IT	: c	1271 	: c	973 	1094 	: c	1717 	1682 	1135 	820 	818 	783 	713 	872 	694 
A,THS_T,GT16,LT	10 	0 	0 	0 	77 	89 	72 	61 	64 	83 	94 	93 	80 	172 	176 
A,THS_T,GT16,LU	: 	: 	: 	: 	0 	0 	: 	: 	0 	19 	13 	15 	10 	15 	9 
A,THS_T,GT16,LV	0 	0 	0 	0 	0 	0 	0 	0 	0 	0 	0 	0 	0 	0 	0 
A,THS_T,GT16,ME	: 	: 	: 	: 	: 	: 	: 	: 	: 	0 	0 	0 	0 	: 	: 
A,THS_T,GT16,MK	: 	355 	443 	427 	362 	340 	385 	389 	244 	436 	490 	607 	748 	779 	632 
A,THS_T,GT16,NL	1243 	807 	502 	420 	921 	459 	509 	611 	657 	598 	720 	689 	746 	905 	851 
A,THS_T,GT16,NO	0 	0 	0 	7 	8 	13 	16 	13 	24 	57 	51 	48 	84 	99 	88 
A,THS_T,GT16,PL	534 	358 	405 	650 	845 	750 	751 	841 	1016 	1153 	1375 	1348 	1389 	1440 	1370 
A,THS_T,GT16,PT	147 	142 	179 	203 	192 	177 	2983 	241 	242 	228 	10 	29 	38 	41 	16 
A,THS_T,GT16,RO	166 	131 	166 	226 	224 	265 	221 	195 	238 	467 	281 	246 	221 	176 	190 
A,THS_T,GT16,SE	1059 	1169 	1229 	1189 	1187 	1095 	1016 	1023 	897 	954 	1092 	1280 	1197 	1232 	: c
A,THS_T,GT16,SI	164 	188 	220 	231 	166 	139 	130 	105 	103 	108 	96 	94 	109 	99 	124 
A,THS_T,GT16,SK	225 	210 	346 	578 	353 	309 	283 	204 	179 	139 	151 	114 	103 	98 	97 
A,THS_T,GT16,TR	538 	668 	785 	1489 	1620 	2523 	2614 	2667 	2688 	3040 	2909 	3295 	3198 	3538 	3489 
A,THS_T,GT16,UK	0 	32 	2 	0 	0 	0 	0 	0 	0 	0 	0 	4 	: 	: 	: 
A,THS_T,GT17,AT	: c	12 	485 	726 	829 	0 	0 	0 	0 	0 	0 	1 	41 	62 	68 
A,THS_T,GT17,BE	0 	0 	0 	0 	: 	: c	: c	: c	: c	: c	: c	: c	: c	: c	: c
A,THS_T,GT17,BG	0 	0 	0 	0 	0 	1 	0 	0 	0 	0 	0 	0 	0 	0 	0 
A,THS_T,GT17,CH	1 	2 	1 	1 	9 	0 	0 	0 	0 	0 	0 	0 	0 	0 	0 
A,THS_T,GT17,CZ	0 	0 	0 	0 	0 	0 	0 	0 	3 	0 	0 	0 	0 	0 	0 
A,THS_T,GT17,DE	104 	63 	53 	34 	28 	40 	41 	23 	13 	20 	216 	12 	5 	6 	2 
A,THS_T,GT17,DK	0 	0 	0 	0 	0 	0 	0 	0 	0 	0 	0 	0 	0 	0 	0 
A,THS_T,GT17,EE	39 	84 	48 	37 	106 	70 	110 	57 	35 	32 	66 	182 	137 	115 	179 
A,THS_T,GT17,EL	0 	0 	0 	0 	0 	0 	0 	0 	0 	0 	0 	: 	0 	: 	0 
A,THS_T,GT17,ES	0 	0 	0 	0 	0 	0 	0 	0 	0 	0 	0 	0 	0 	2067 	0 
A,THS_T,GT17,EU27_2020	: 	: 	: 	: 	: 	: 	: 	: 	: 	: 	: 	: 	: 	: c	: c
A,THS_T,GT17,FI	0 	0 	0 	0 	0 	0 	0 	0 	0 	0 	0 	0 	0 	0 	0 
A,THS_T,GT17,FR	6 	0 	0 	0 	0 	0 	0 	0 	0 	0 	0 	0 	0 	0 	0 
A,THS_T,GT17,HR	0 	0 	0 	0 	0 	0 	0 	0 	0 	0 	0 	0 	0 	0 	0 
A,THS_T,GT17,HU	736 	0 	0 	: 	0 	0 	1 	0 	1 	2588 	0 	2380 	4464 	4259 	3922 
A,THS_T,GT17,IE	0 	0 	0 	0 	0 	0 	0 	0 	0 	0 	0 	0 	0 	0 	0 
A,THS_T,GT17,IT	: c	0 	: c	0 	0 	: c	: c	: c	0 	2 	17 	118 	116 	159 	188 
A,THS_T,GT17,LT	6 	79 	81 	80 	100 	91 	84 	35 	4 	6 	5 	5 	17 	8 	28 
A,THS_T,GT17,LU	: 	: 	: 	: 	0 	0 	: 	: 	0 	0 	0 	0 	0 	0 	0 
A,THS_T,GT17,LV	0 	0 	0 	0 	0 	0 	0 	0 	0 	0 	0 	0 	0 	0 	0 
A,THS_T,GT17,ME	: 	: 	: 	: 	: 	: 	: 	: 	: 	0 	0 	0 	0 	: 	: 
A,THS_T,GT17,MK	: 	0 	6 	3 	4 	2 	1 	1 	1 	1 	1 	1 	1 	1 	3 
A,THS_T,GT17,NL	2 	22 	: c	: c	31 	30 	46 	36 	41 	51 	54 	63 	14 	27 	50 
A,THS_T,GT17,NO	0 	0 	0 	0 	0 	0 	0 	0 	0 	0 	0 	0 	0 	0 	0 
A,THS_T,GT17,PL	0 	0 	0 	0 	1 	5 	1 	0 	0 	0 	0 	5 	0 	0 	0 
A,THS_T,GT17,PT	0 	0 	0 	0 	0 	0 	0 	0 	0 	0 	0 	0 	0 	0 	0 
A,THS_T,GT17,RO	15 	20 	43 	60 	40 	32 	36 	22 	17 	21 	22 	16 	7 	3 	3 
A,THS_T,GT17,SE	0 	0 	2 	0 	0 	0 	0 	0 	0 	0 	0 	0 	0 	0 	: c
A,THS_T,GT17,SI	0 	0 	0 	0 	0 	0 	0 	0 	0 	0 	0 	0 	2 	0 	0 
A,THS_T,GT17,SK	0 	0 	0 	0 	0 	0 	0 	2 	1 	0 	1 	2 	6 	0 	0 
A,THS_T,GT17,TR	1 	0 	0 	0 	1 	1 	0 	0 	0 	1 	0 	0 	0 	0 	1 
A,THS_T,GT17,UK	0 	0 	0 	0 	0 	0 	0 	0 	0 	0 	0 	0 	: 	: 	: 
A,THS_T,GT18,AT	: c	78 	977 	1427 	1627 	156 	20 	22 	129 	126 	119 	93 	117 	340 	404 
A,THS_T,GT18,BE	3 	6 	8 	7 	: 	: c	: c	: c	: c	: c	: c	: c	: c	: c	: c
A,THS_T,GT18,BG	18 	8 	9 	5 	4 	10 	16 	340 	204 	121 	68 	34 	782 	1130 	1677 
A,THS_T,GT18,CH	2696 	2085 	2753 	3375 	3019 	3110 	1193 	1396 	1201 	1265 	1379 	1307 	1357 	1698 	1673 
A,THS_T,GT18,CZ	0 	0 	4 	830 	1357 	2048 	3546 	13811 	15019 	15384 	16528 	18209 	216 	172 	148 
A,THS_T,GT18,DE	1373 	1240 	1828 	2905 	1965 	3103 	2850 	4713 	882 	1254 	1889 	3675 	2497 	3948 	1330 
A,THS_T,GT18,DK	33 	11 	9 	117 	112 	809 	277 	283 	265 	197 	253 	235 	248 	317 	369 
A,THS_T,GT18,EE	32 	20 	22 	29 	45 	0 	0 	0 	0 	0 	0 	0 	0 	0 	0 
A,THS_T,GT18,EL	0 	0 	0 	0 	0 	0 	0 	0 	0 	0 	0 	: 	0 	: 	0 
A,THS_T,GT18,ES	0 	157 	174 	181 	241 	275 	1142 	819 	791 	1115 	1067 	1208 	912 	1556 	3018 
A,THS_T,GT18,EU27_2020	: 	: 	: 	: 	: 	: 	: 	: 	: 	: 	: 	: 	: 	: c	: c
A,THS_T,GT18,FI	0 	0 	0 	0 	0 	0 	0 	0 	0 	0 	0 	0 	0 	0 	0 
A,THS_T,GT18,FR	630 	1295 	1908 	5789 	5624 	6408 	7684 	5600 	5331 	9060 	7606 	6325 	5850 	6174 	5255 
A,THS_T,GT18,HR	12 	14 	19 	26 	27 	23 	7 	1 	1 	1 	0 	1 	459 	631 	642 
A,THS_T,GT18,HU	924 	52 	6 	29 	39 	60 	67 	220 	135 	4666 	1 	4247 	39 	81 	821 
A,THS_T,GT18,IE	0 	0 	0 	0 	0 	0 	0 	0 	0 	0 	0 	0 	0 	0 	0 
A,THS_T,GT18,IT	: c	160 	: c	139 	178 	2058 	3391 	4621 	7649 	9509 	10790 	5943 	6161 	7816 	8667 
A,THS_T,GT18,LT	0 	0 	0 	0 	0 	0 	0 	0 	0 	0 	0 	0 	0 	0 	0 
A,THS_T,GT18,LU	: 	: 	: 	: 	0 	0 	: 	: 	1 	5 	85 	40 	129 	350 	498 
A,THS_T,GT18,LV	0 	0 	0 	0 	0 	0 	0 	0 	0 	0 	0 	0 	0 	0 	0 
A,THS_T,GT18,ME	: 	: 	: 	: 	: 	: 	: 	: 	: 	0 	0 	10 	13 	: 	: 
A,THS_T,GT18,MK	: 	7 	4 	1 	0 	0 	0 	0 	0 	0 	0 	0 	0 	0 	0 
A,THS_T,GT18,NL	55 	58 	: c	: c	43 	87 	97 	154 	87 	66 	6 	3 	4 	3 	3 
A,THS_T,GT18,NO	0 	0 	0 	0 	0 	1284 	788 	1377 	247 	967 	1218 	4213 	4355 	4805 	5458 
A,THS_T,GT18,PL	16 	5 	37 	336 	677 	808 	1137 	270 	440 	1797 	819 	351 	518 	477 	432 
A,THS_T,GT18,PT	0 	0 	0 	0 	0 	0 	0 	0 	0 	0 	0 	0 	0 	0 	0 
A,THS_T,GT18,RO	9 	4 	2 	2 	13 	0 	0 	138 	32 	0 	10 	191 	219 	250 	249 
A,THS_T,GT18,SE	2 	3 	6 	90 	39 	235 	255 	264 	258 	223 	287 	222 	246 	297 	: c
A,THS_T,GT18,SI	45 	39 	35 	33 	28 	18 	16 	14 	18 	22 	143 	225 	184 	177 	324 
A,THS_T,GT18,SK	7 	2 	5 	2 	1 	3 	64 	1 	1 	1 	145 	0 	0 	0 	10 
A,THS_T,GT18,TR	0 	0 	0 	0 	0 	0 	0 	0 	0 	0 	1 	2 	0 	0 	0 
A,THS_T,GT18,UK	0 	1309 	1405 	1173 	1735 	3968 	4297 	15573 	12822 	15758 	3946 	4956 	: 	: 	: 
A,THS_T,GT19,AT	: c	23786 	27862 	27443 	22940 	29975 	33951 	35684 	39142 	42809 	41910 	41008 	39759 	45148 	44276 
A,THS_T,GT19,BE	18602 	16533 	21030 	18969 	: 	: c	: c	: c	: c	: c	: c	: c	: c	: c	: c
A,THS_T,GT19,BG	719 	645 	590 	643 	602 	580 	344 	122 	100 	58 	55 	91 	241 	247 	692 
A,THS_T,GT19,CH	27060 	23446 	24012 	25201 	21873 	25461 	25298 	27016 	27390 	26453 	27119 	27262 	25274 	26235 	25591 
A,THS_T,GT19,CZ	6247 	6538 	8355 	8983 	9341 	11053 	12171 	8998 	8556 	9817 	13008 	14558 	30447 	32982 	29314 
A,THS_T,GT19,DE	67122 	57516 	66240 	69874 	69039 	75119 	75926 	77564 	79460 	76056 	80422 	84087 	85704 	96242 	98450 
A,THS_T,GT19,DK	3844 	4467 	5010 	4891 	4707 	3417 	2339 	2283 	2732 	4391 	4334 	3867 	3721 	2028 	3057 
A,THS_T,GT19,EE	6 	0 	3 	1 	16 	35 	0 	0 	44 	37 	39 	34 	0 	0 	84 
A,THS_T,GT19,EL	0 	1 	2 	17 	24 	23 	36 	24 	19 	13 	18 	20 	10 	6 	0 
A,THS_T,GT19,ES	5681 	4527 	5134 	5704 	6296 	6610 	8369 	7463 	7327 	7724 	8164 	8840 	6311 	7705 	8274 
A,THS_T,GT19,EU27_2020	: 	: 	: 	: 	: 	: 	: 	: 	: 	: 	: 	: 	: 	: c	: c
A,THS_T,GT19,FI	0 	0 	0 	0 	0 	0 	0 	0 	0 	0 	1 	1 	1 	1 	587 
A,THS_T,GT19,FR	14902 	9240 	8769 	11058 	13031 	12821 	12376 	23133 	23581 	20119 	18856 	20338 	17385 	24883 	22204 
A,THS_T,GT19,HR	1078 	769 	876 	553 	427 	458 	471 	476 	473 	615 	1098 	1321 	1209 	1105 	1380 
A,THS_T,GT19,HU	0 	3097 	3872 	5619 	4318 	3931 	3995 	4613 	4686 	1583 	4279 	2784 	2561 	4932 	4903 
A,THS_T,GT19,IE	0 	0 	0 	0 	0 	0 	0 	0 	0 	0 	0 	0 	0 	0 	0 
A,THS_T,GT19,IT	: c	35857 	36771 	43129 	43418 	42305 	41285 	41365 	47865 	47426 	48104 	51645 	47935 	53570 	53876 
A,THS_T,GT19,LT	35 	0 	0 	0 	0 	0 	0 	0 	0 	0 	0 	0 	0 	0 	0 
A,THS_T,GT19,LU	: 	: 	: 	: 	0 	0 	: 	: 	0 	0 	0 	0 	0 	0 	0 
A,THS_T,GT19,LV	7 	46 	334 	494 	429 	541 	592 	463 	633 	226 	178 	166 	26 	135 	47 
A,THS_T,GT19,ME	: 	: 	: 	: 	: 	: 	: 	: 	: 	0 	0 	0 	0 	: 	: 
A,THS_T,GT19,MK	: 	6 	0 	0 	0 	1 	1 	0 	1 	3 	2 	2 	1 	1 	1 
A,THS_T,GT19,NL	15745 	13134 	10569 	10062 	12626 	13368 	14348 	15217 	16836 	16602 	19651 	18263 	17594 	18945 	19763 
A,THS_T,GT19,NO	4841 	4563 	4452 	4916 	4984 	3448 	4592 	3893 	3912 	4155 	3762 	359 	542 	557 	506 
A,THS_T,GT19,PL	3911 	2453 	3348 	4636 	5417 	4866 	6093 	6824 	9115 	10809 	11674 	16344 	17812 	21056 	20322 
A,THS_T,GT19,PT	1750 	1620 	1973 	2178 	2063 	2117 	11 	2957 	3488 	3883 	4540 	4114 	4130 	4440 	3500 
A,THS_T,GT19,RO	1700 	1401 	1469 	1743 	1478 	1651 	1570 	1195 	844 	2257 	2264 	2938 	2108 	2974 	2844 
A,THS_T,GT19,SE	8770 	8504 	9341 	10074 	9865 	7938 	8953 	9196 	8564 	8172 	11187 	11886 	8394 	8598 	: c
A,THS_T,GT19,SI	3665 	3038 	3807 	4051 	4015 	4354 	4521 	4468 	4488 	4901 	5185 	5222 	4753 	4875 	4740 
A,THS_T,GT19,SK	2055 	1779 	2477 	1944 	1586 	1709 	2426 	1423 	1311 	1042 	991 	930 	906 	679 	1183 
A,THS_T,GT19,TR	5318 	4868 	6383 	16 	8 	6 	4 	31 	38 	56 	171 	349 	584 	672 	689 
A,THS_T,GT19,UK	0 	417 	4693 	2545 	5990 	10590 	4986 	4334 	5636 	3132 	1421 	1099 	: 	: 	: 
A,THS_T,GT20,AT	: c	0 	0 	0 	0 	0 	0 	0 	0 	0 	0 	0 	0 	0 	0 
A,THS_T,GT20,BE	0 	0 	0 	0 	: 	: c	: c	: c	: c	: c	: c	: c	: c	: c	: c
A,THS_T,GT20,BG	0 	0 	0 	0 	47 	49 	11 	30 	69 	90 	590 	671 	491 	277 	410 
A,THS_T,GT20,CH	0 	0 	34 	33 	35 	35 	31 	0 	29 	27 	1099 	1611 	1536 	3148 	2903 
A,THS_T,GT20,CZ	7695 	571 	86 	150 	148 	312 	740 	379 	15 	19 	67 	91 	40 	83 	198 
A,THS_T,GT20,DE	0 	0 	: 	1461 	1858 	1957 	1877 	1726 	1582 	1542 	505 	1394 	1467 	1199 	2198 
A,THS_T,GT20,DK	0 	0 	: 	0 	0 	: 	1404 	1685 	1564 	: 	0 	1 	0 	1 	1 
A,THS_T,GT20,EE	43 	3 	0 	0 	7 	0 	0 	24 	0 	0 	0 	0 	24 	43 	74 
A,THS_T,GT20,EL	3 	4 	7 	0 	0 	0 	0 	0 	0 	0 	0 	: 	0 	: 	0 
A,THS_T,GT20,ES	0 	0 	12 	7 	6 	0 	0 	0 	0 	0 	228 	4 	542 	423 	566 
A,THS_T,GT20,EU27_2020	: 	: 	: 	: 	: 	: 	: 	: 	: 	: 	: 	: 	: 	: c	: c
A,THS_T,GT20,FI	0 	0 	0 	0 	0 	0 	0 	0 	0 	0 	0 	0 	0 	0 	0 
A,THS_T,GT20,FR	1012 	1876 	26 	33 	1820 	751 	241 	400 	334 	749 	623 	4049 	3863 	3672 	4827 
A,THS_T,GT20,HR	0 	0 	0 	0 	0 	0 	0 	0 	0 	728 	257 	0 	60 	9 	29 
A,THS_T,GT20,HU	10263 	5157 	6178 	4877 	4467 	6918 	9295 	8318 	8279 	3043 	7386 	5524 	9363 	6719 	8042 
A,THS_T,GT20,IE	0 	0 	0 	0 	0 	0 	0 	0 	0 	0 	0 	0 	0 	0 	0 
A,THS_T,GT20,IT	: c	0 	: c	0 	0 	: c	534 	623 	435 	53 	: c	44 	141 	115 	105 
A,THS_T,GT20,LT	0 	0 	0 	0 	0 	0 	0 	0 	0 	0 	0 	0 	0 	0 	0 
A,THS_T,GT20,LU	: 	: 	: 	: 	80 	224 	: 	: 	5 	2 	4 	24 	14 	2 	11 
A,THS_T,GT20,LV	0 	0 	0 	0 	0 	0 	0 	0 	0 	0 	0 	0 	0 	0 	0 
A,THS_T,GT20,ME	: 	: 	: 	: 	: 	: 	: 	: 	: 	72 	16 	9 	7 	: 	: 
A,THS_T,GT20,MK	: 	4 	17 	25 	23 	32 	34 	36 	24 	23 	18 	18 	47 	6 	2 
A,THS_T,GT20,NL	0 	0 	: c	: c	0 	0 	0 	0 	0 	0 	0 	0 	0 	0 	0 
A,THS_T,GT20,NO	0 	0 	0 	41 	40 	25 	5 	12 	46 	46 	40 	40 	48 	92 	2 
A,THS_T,GT20,PL	10200 	10489 	1399 	1283 	1969 	2690 	1667 	2450 	2052 	2036 	2728 	123 	42 	622 	733 
A,THS_T,GT20,PT	0 	3 	0 	0 	0 	0 	0 	0 	0 	0 	0 	0 	0 	0 	0 
A,THS_T,GT20,RO	107 	1 	5 	0 	417 	146 	179 	383 	844 	1424 	3133 	6795 	5724 	5261 	5579 
A,THS_T,GT20,SE	0 	0 	10 	22 	18 	25 	18 	0 	0 	0 	4 	38 	44 	165 	: c
A,THS_T,GT20,SI	43 	29 	34 	40 	126 	422 	483 	412 	596 	1240 	1197 	1100 	1208 	1193 	1138 
A,THS_T,GT20,SK	1609 	1473 	3636 	2361 	3478 	7458 	7457 	7557 	8963 	9234 	13833 	12410 	11831 	15711 	15106 
A,THS_T,GT20,TR	5584 	4601 	0 	0 	0 	0 	0 	0 	0 	0 	0 	0 	0 	0 	0 
A,THS_T,GT20,UK	12658 	13286 	12340 	10000 	10102 	10478 	14908 	2 	92 	115 	17999 	16673 	: 	: 	: 
A,THS_T,TOTAL,AT	: c	78871 	89729 	89773 	83110 	90624 	95956 	96509 	102835 	107579 	105271 	102575 	97512 	105255 	103870 
A,THS_T,TOTAL,BE	60842 	41180 	52381 	47248 	: 	: c	: c	: c	: c	: c	: c	: c	: c	: c	: c
A,THS_T,TOTAL,BG	19233 	12924 	12627 	13678 	11819 	11329 	10963 	12964 	10508 	10974 	14136 	13561 	16102 	17818 	18905 
A,THS_T,TOTAL,CH	63336 	56640 	60418 	61114 	55607 	59505 	60345 	60832 	61148 	59097 	60781 	60000 	56214 	58431 	56513 
A,THS_T,TOTAL,CZ	95073 	76715 	82900 	87096 	82968 	83957 	91556 	97280 	98034 	96516 	99307 	98804 	90902 	99550 	90797 
A,THS_T,TOTAL,DE	371298 	312087 	355715 	374737 	366140 	373738 	365003 	367314 	350105 	334607 	341925 	340558 	320143 	357564 	358858 
A,THS_T,TOTAL,DK	7137 	6116 	8101 	9259 	8868 	7942 	8082 	8652 	9383 	9314 	9097 	8512 	8615 	6936 	7759 
A,THS_T,TOTAL,EE	52752 	45954 	46705 	48378 	44725 	43682 	36289 	28026 	25364 	27256 	27813 	21341 	15801 	23306 	17713 
A,THS_T,TOTAL,EL	4253 	3377 	3982 	2702 	2272 	1980 	2143 	1404 	1094 	1328 	1358 	1313 	1277 	1425 	1142 
A,THS_T,TOTAL,ES	22013 	16563 	16648 	18843 	19544 	22384 	27217 	26698 	24313 	26678 	26406 	24775 	20682 	24716 	24895 
A,THS_T,TOTAL,EU27_2020	: 	: 	: 	: 	: 	: 	: 	: 	: 	: 	: 	: 	: 	: c	: c
A,THS_T,TOTAL,FI	41937 	32860 	35795 	34827 	35267 	36433 	37008 	33392 	36147 	38406 	39430 	36907 	36589 	40180 	31229 
A,THS_T,TOTAL,FR	108536 	86126 	85045 	91789 	87539 	92712 	90826 	102743 	96702 	98573 	89457 	91997 	83143 	94613 	89590 
A,THS_T,TOTAL,HR	14851 	11651 	12203 	11794 	11088 	10661 	10390 	9939 	8523 	11482 	11879 	14449 	14992 	15176 	16257 
A,THS_T,TOTAL,HU	48047 	36675 	40587 	40516 	38124 	49085 	50593 	50333 	50047 	52682 	52471 	52270 	51892 	51031 	51696 
A,THS_T,TOTAL,IE	717 	631 	568 	611 	567 	589 	578 	540 	581 	546 	516 	346 	449 	415 	419 
A,THS_T,TOTAL,IT	: c	62269 	: c	78932 	75392 	: c	: c	: c	: c	: c	: c	: c	88699 	100976 	: c
A,THS_T,TOTAL,LT	54970 	42669 	48061 	52330 	49377 	48028 	49000 	48053 	47651 	52638 	56776 	55209 	53430 	51080 	30977 
A,THS_T,TOTAL,LU	: 	: 	: 	: 	5442 	5098 	: 	: 	4470 	4406 	4585 	4405 	3627 	3713 	3464 
A,THS_T,TOTAL,LV	56061 	53679 	49164 	59385 	60601 	55831 	57039 	55645 	47819 	43785 	49260 	41490 	24056 	21772 	21305 
A,THS_T,TOTAL,ME	: 	: 	: 	: 	: 	: 	: 	: 	: 	1603 	966 	1131 	1154 	: 	: 
A,THS_T,TOTAL,MK	: 	2929 	3097 	2770 	2539 	2283 	2377 	1566 	1358 	1558 	1679 	1839 	1765 	1963 	1418 
A,THS_T,TOTAL,NL	40569 	33594 	: c	: c	37627 	38927 	39367 	41721 	42615 	41190 	41558 	42654 	40017 	42621 	44469 
A,THS_T,TOTAL,NO	23011 	20805 	23281 	28305 	30273 	31429 	33393 	31585 	33260 	34974 	34981 	34563 	36822 	37550 	33496 
A,THS_T,TOTAL,PL	217432 	176149 	173289 	224895 	209867 	207364 	202535 	195822 	200628 	233980 	242040 	229628 	214213 	233130 	235190 
A,THS_T,TOTAL,PT	10426 	8947 	10094 	9975 	9701 	9291 	10276 	11108 	10259 	10453 	10221 	9365 	8426 	9057 	8366 
A,THS_T,TOTAL,RO	63212 	46910 	49441 	57247 	50433 	47337 	49273 	49700 	47875 	56076 	55002 	58495 	49184 	56808 	53883 
A,THS_T,TOTAL,SE	65632 	56466 	68329 	67907 	65789 	67047 	68035 	64999 	67479 	69350 	69123 	68220 	69805 	72458 	: c
A,THS_T,TOTAL,SI	17271 	13097 	15600 	16268 	14798 	16054 	16906 	16469 	16927 	18597 	18355 	18450 	16501 	16693 	17232 
A,THS_T,TOTAL,SK	46621 	36671 	43197 	41963 	40371 	46340 	46680 	45478 	47548 	47760 	49642 	46413 	41572 	49944 	46712 
A,THS_T,TOTAL,TR	22870 	21270 	21124 	24753 	24887 	25053 	26763 	24286 	24546 	28287 	28484 	33285 	34374 	38155 	38670 
A,THS_T,TOTAL,UK	103180 	87666 	89241 	100364 	115225 	117769 	108531 	96821 	78549 	76393 	75399 	71053 	: 	: 	: 
