freq,tra_type,nst07,unit,geo\TIME_PERIOD	2008 	2009 	2010 	2011 	2012 	2013 	2014 	2015 	2016 	2017 	2018 	2019 	2020 	2021 	2022 
A,TOTAL,GT01,THS_T,AT	19262 	18876 	19809 	20077 	20761 	19219 	20933 	21474 	23184 	24164 	23078 	22421 	33079 	32365 	30756 
A,TOTAL,GT01,THS_T,BE	16522 	17566 	16484 	16779 	19708 	17482 	19726 	28748 	20490 	21877 	20392 	20261 	22994 	25100 	28507 
A,TOTAL,GT01,THS_T,BG	10026 	10615 	13451 	14040 	15589 	19777 	18205 	18097 	16437 	22377 	18587 	19587 	17818 	18413 	15281 
A,TOTAL,GT01,THS_T,CH	18875 	16006 	18446 	15798 	17267 	21319 	19265 	21041 	22577 	19294 	19272 	21499 	18367 	19632 	23022 
A,TOTAL,GT01,THS_T,CY	1695 	2031 	1738 	1468 	2412 	1540 	1110 	1577 	1715 	2301 	2458 	2007 	1579 	1900 	2866 
A,TOTAL,GT01,THS_T,CZ	45881 	42480 	42041 	43675 	45333 	48865 	49228 	50745 	49422 	48862 	47524 	52594 	52662 	58328 	57658 
A,TOTAL,GT01,THS_T,DE	150258 	145319 	155899 	162235 	161439 	151738 	175569 	172533 	163668 	169828 	168342 	168399 	169289 	171578 	176758 
A,TOTAL,GT01,THS_T,DK	23863 	20202 	24701 	30880 	28551 	23560 	24705 	27551 	26064 	27843 	29575 	30395 	32924 	29497 	36840 
A,TOTAL,GT01,THS_T,EE	3524 	3498 	4326 	4319 	4372 	4220 	4448 	3567 	4026 	4954 	4702 	5244 	2394 	3828 	3930 
A,TOTAL,GT01,THS_T,EL	15835 	17427 	22145 	17003 	19341 	18473 	23654 	21319 	23930 	23989 	23311 	22416 	22783 	22817 	21705 
A,TOTAL,GT01,THS_T,ES	128821 	124632 	113713 	124321 	126923 	135577 	137173 	150522 	148490 	165189 	161149 	168875 	167227 	167584 	173049 
A,TOTAL,GT01,THS_T,EU27_2020	1034395 	1066490 	1104990 	1120326 	1109904 	1125772 	1174367 	1190425 	1183968 	1219240 	1201720 	1211039 	1235215 	1271488 	1277009 
A,TOTAL,GT01,THS_T,FI	46607 	46787 	54423 	44558 	50668 	43504 	49304 	48117 	59122 	52872 	50852 	56501 	47305 	52755 	53558 
A,TOTAL,GT01,THS_T,FR	224658 	226707 	250234 	257800 	249052 	263913 	261252 	243627 	234062 	234003 	223568 	219841 	223131 	223912 	225872 
A,TOTAL,GT01,THS_T,HR	3927 	4115 	3957 	3705 	3320 	4041 	4780 	4166 	4917 	5203 	4126 	4954 	5534 	5464 	6260 
A,TOTAL,GT01,THS_T,HU	28296 	25467 	28044 	25539 	23766 	24610 	26219 	27047 	25482 	26550 	24174 	24678 	22677 	25233 	21266 
A,TOTAL,GT01,THS_T,IE	8377 	8659 	11372 	13138 	13559 	11691 	11854 	13295 	14128 	13792 	11340 	14198 	12513 	13478 	14947 
A,TOTAL,GT01,THS_T,IT	55656 	68967 	78097 	82679 	65350 	71491 	52841 	62059 	55979 	56244 	59351 	62269 	59183 	62585 	62180 
A,TOTAL,GT01,THS_T,LT	7207 	7722 	7510 	7582 	8700 	8867 	9558 	10384 	9041 	10410 	11235 	11989 	11577 	12511 	13434 
A,TOTAL,GT01,THS_T,LU	1080 	996 	1869 	1971 	1555 	2086 	1110 	1242 	1305 	1161 	1138 	2077 	2417 	1548 	1922 
A,TOTAL,GT01,THS_T,LV	7856 	8789 	11641 	10831 	10311 	11254 	12696 	12057 	14786 	13029 	17069 	13076 	14545 	17528 	17043 
A,TOTAL,GT01,THS_T,ME	: 	: 	: 	: 	: 	: 	: 	: 	61 	37 	51 	44 	26 	24 	: 
A,TOTAL,GT01,THS_T,MK	: 	: 	: 	: 	: 	: 	: 	: 	: 	: 	: 	: 	210 	: 	: 
A,TOTAL,GT01,THS_T,NL	53262 	61042 	60681 	60575 	60537 	59765 	62045 	57714 	61416 	57400 	60918 	61832 	66636 	69045 	59789 
A,TOTAL,GT01,THS_T,NO	20362 	16517 	14612 	18373 	15552 	17484 	19189 	21519 	25534 	21647 	30005 	22426 	24513 	26118 	30376 
A,TOTAL,GT01,THS_T,PL	59320 	86017 	77037 	75276 	83205 	84186 	92517 	92496 	100647 	116572 	104322 	93237 	106500 	117787 	118496 
A,TOTAL,GT01,THS_T,PT	23915 	20256 	18649 	17780 	13964 	18057 	17054 	16879 	17877 	16283 	18896 	18162 	13062 	16092 	17859 
A,TOTAL,GT01,THS_T,RO	10311 	17050 	7416 	8445 	7354 	12047 	11748 	14561 	14779 	18589 	17720 	18618 	18412 	23818 	21733 
A,TOTAL,GT01,THS_T,SE	63694 	59112 	54732 	51908 	49069 	47382 	60286 	62445 	63828 	59561 	67356 	54037 	72813 	66574 	60711 
A,TOTAL,GT01,THS_T,SI	6565 	6523 	7005 	7988 	7202 	9020 	9551 	9762 	9925 	11354 	10215 	11733 	11286 	11693 	11457 
A,TOTAL,GT01,THS_T,SK	17977 	15635 	18015 	15754 	17862 	13408 	16802 	18441 	19250 	14833 	20322 	31639 	24873 	20056 	23132 
A,TOTAL,GT01,THS_T,UK	112013 	106700 	111954 	105977 	114012 	100596 	107406 	99372 	95215 	98657 	113406 	93277 	: 	: 	: 
A,TOTAL,GT02,THS_T,AT	648 	880 	786 	836 	839 	919 	826 	880 	980 	701 	697 	1047 	783 	737 	525 
A,TOTAL,GT02,THS_T,BE	1923 	767 	695 	481 	931 	632 	685 	349 	525 	517 	687 	726 	21 	267 	453 
A,TOTAL,GT02,THS_T,BG	2314 	1026 	1600 	1277 	2104 	4244 	1741 	1996 	1056 	1222 	2777 	863 	422 	913 	1443 
A,TOTAL,GT02,THS_T,CH	351 	206 	114 	464 	220 	129 	111 	63 	1182 	115 	77 	107 	510 	297 	65 
A,TOTAL,GT02,THS_T,CZ	4381 	5194 	5965 	5631 	5324 	5573 	4615 	3160 	4474 	6177 	5875 	4832 	3579 	3237 	3496 
A,TOTAL,GT02,THS_T,DE	23088 	17510 	6266 	5328 	5509 	7321 	6990 	8136 	7287 	9327 	6887 	7299 	4420 	7504 	6831 
A,TOTAL,GT02,THS_T,DK	373 	169 	726 	269 	792 	291 	571 	271 	484 	136 	252 	161 	3 	200 	113 
A,TOTAL,GT02,THS_T,EE	113 	594 	715 	62 	1540 	260 	82 	16 	551 	313 	444 	314 	417 	174 	146 
A,TOTAL,GT02,THS_T,EL	22160 	25206 	56833 	83760 	63200 	82829 	22263 	57516 	14203 	26794 	40451 	25954 	12756 	4578 	24405 
A,TOTAL,GT02,THS_T,ES	24057 	18113 	14067 	21721 	15046 	12001 	11886 	13967 	9977 	12493 	7248 	4096 	3234 	3536 	1818 
A,TOTAL,GT02,THS_T,EU27_2020	133967 	126138 	148324 	168510 	156946 	169741 	95596 	140736 	102604 	113708 	124320 	108081 	77359 	84573 	90950 
A,TOTAL,GT02,THS_T,FI	923 	1853 	539 	561 	1240 	633 	72 	2093 	6479 	69 	1718 	1535 	1458 	2590 	1799 
A,TOTAL,GT02,THS_T,FR	5859 	12857 	8400 	7974 	10721 	9430 	8971 	8034 	6645 	5813 	6275 	5633 	5833 	5979 	6455 
A,TOTAL,GT02,THS_T,HR	1100 	326 	232 	296 	227 	413 	417 	275 	295 	920 	567 	574 	470 	613 	654 
A,TOTAL,GT02,THS_T,HU	1847 	792 	1142 	1338 	1626 	1203 	1006 	4550 	1579 	873 	1810 	1553 	2625 	1901 	1955 
A,TOTAL,GT02,THS_T,IE	3465 	1999 	1141 	775 	813 	758 	549 	756 	900 	995 	758 	925 	767 	846 	602 
A,TOTAL,GT02,THS_T,IT	14799 	14003 	15630 	9877 	12348 	12008 	11089 	8146 	11483 	9194 	9684 	13667 	13889 	14892 	13297 
A,TOTAL,GT02,THS_T,LT	317 	388 	261 	233 	314 	238 	174 	292 	327 	530 	504 	250 	266 	236 	1025 
A,TOTAL,GT02,THS_T,LU	747 	1761 	1645 	1284 	506 	408 	326 	233 	124 	219 	195 	306 	345 	296 	351 
A,TOTAL,GT02,THS_T,LV	14 	70 	73 	98 	46 	34 	139 	3 	7 	3 	41 	41 	6 	: 	176 
A,TOTAL,GT02,THS_T,ME	: 	: 	: 	: 	: 	: 	: 	: 	242 	91 	58 	116 	118 	46 	: 
A,TOTAL,GT02,THS_T,MK	: 	: 	: 	: 	: 	: 	: 	: 	: 	: 	: 	: 	4 	: 	: 
A,TOTAL,GT02,THS_T,NL	238 	253 	319 	187 	199 	311 	149 	293 	661 	72 	308 	416 	518 	198 	506 
A,TOTAL,GT02,THS_T,NO	267 	26 	3 	: 	119 	127 	108 	273 	71 	170 	316 	192 	60 	16 	155 
A,TOTAL,GT02,THS_T,PL	20959 	18005 	28545 	24235 	32286 	29395 	21394 	27192 	33243 	35175 	34533 	34277 	23515 	34783 	21964 
A,TOTAL,GT02,THS_T,PT	381 	54 	22 	117 	18 	95 	85 	91 	187 	188 	195 	162 	76 	68 	129 
A,TOTAL,GT02,THS_T,RO	3136 	3638 	2061 	1766 	920 	334 	1066 	448 	449 	514 	528 	1114 	476 	688 	1728 
A,TOTAL,GT02,THS_T,SE	133 	62 	411 	134 	42 	157 	231 	1753 	491 	1014 	1202 	2022 	1335 	172 	808 
A,TOTAL,GT02,THS_T,SI	215 	251 	62 	62 	80 	55 	93 	75 	19 	93 	47 	30 	31 	64 	165 
A,TOTAL,GT02,THS_T,SK	776 	367 	187 	206 	274 	202 	176 	212 	180 	355 	637 	284 	114 	100 	104 
A,TOTAL,GT02,THS_T,UK	23183 	14767 	12615 	9665 	9874 	6983 	12809 	9019 	3818 	7028 	4203 	3057 	: 	: 	: 
A,TOTAL,GT03,THS_T,AT	159235 	143349 	130814 	132978 	133884 	130774 	144163 	143591 	149130 	157051 	160026 	165516 	133131 	146091 	137969 
A,TOTAL,GT03,THS_T,BE	79647 	71751 	73108 	73804 	72079 	77973 	70502 	50593 	47349 	49442 	49506 	47902 	44934 	47375 	40874 
A,TOTAL,GT03,THS_T,BG	62498 	51113 	45196 	44874 	53478 	51887 	56294 	60422 	42638 	37004 	46356 	36235 	41723 	55668 	58349 
A,TOTAL,GT03,THS_T,CH	106706 	104640 	98035 	111220 	103005 	102693 	109178 	93466 	93374 	98315 	97641 	104200 	115068 	93036 	110994 
A,TOTAL,GT03,THS_T,CY	14250 	9549 	10921 	7566 	5407 	3150 	3123 	2411 	3857 	5657 	8653 	7503 	7565 	8105 	14610 
A,TOTAL,GT03,THS_T,CZ	150285 	133016 	113730 	111936 	113272 	106708 	127170 	154445 	153005 	159525 	175496 	192201 	158100 	179196 	153748 
A,TOTAL,GT03,THS_T,DE	689371 	631944 	844375 	953460 	901181 	915282 	933548 	887796 	937863 	935108 	933857 	922549 	903873 	909276 	886751 
A,TOTAL,GT03,THS_T,DK	43932 	32003 	41286 	46185 	40556 	41197 	45926 	51338 	47467 	51504 	44343 	42766 	45864 	43292 	40263 
A,TOTAL,GT03,THS_T,EE	14984 	11869 	8735 	11103 	11746 	9614 	6848 	9075 	10264 	8256 	8282 	7317 	6822 	7724 	7740 
A,TOTAL,GT03,THS_T,EL	323811 	345726 	246569 	209861 	88796 	118879 	131442 	121715 	168243 	157525 	113988 	123650 	99780 	72027 	76522 
A,TOTAL,GT03,THS_T,ES	804730 	609348 	521230 	443337 	294359 	229425 	245041 	262031 	250243 	294649 	326228 	322178 	295010 	341579 	320277 
A,TOTAL,GT03,THS_T,EU27_2020	4955104 	4170255 	4040134 	4043799 	3388774 	3277383 	3414353 	3306735 	3291255 	3441122 	3413908 	3473725 	3253128 	3388533 	3338273 
A,TOTAL,GT03,THS_T,FI	197664 	147775 	180257 	135066 	116946 	112344 	118441 	104107 	96894 	104753 	99051 	95903 	92209 	88066 	67114 
A,TOTAL,GT03,THS_T,FR	721764 	466824 	464606 	488658 	452852 	456139 	465762 	415706 	409935 	404008 	368709 	396840 	336590 	370055 	365735 
A,TOTAL,GT03,THS_T,HR	52362 	44173 	30168 	33010 	24909 	26970 	24567 	23281 	25654 	23769 	24597 	28749 	30086 	30961 	29201 
A,TOTAL,GT03,THS_T,HU	77986 	64816 	47206 	41729 	35359 	35313 	46773 	48034 	14502 	12786 	17644 	14043 	13996 	17628 	14023 
A,TOTAL,GT03,THS_T,IE	27501 	44039 	30214 	24265 	21905 	23359 	25725 	26336 	34323 	38117 	41473 	41383 	36142 	43467 	46996 
A,TOTAL,GT03,THS_T,IT	407404 	392501 	382991 	335571 	248335 	185093 	177153 	191820 	153626 	144019 	156183 	152848 	144837 	147458 	168650 
A,TOTAL,GT03,THS_T,LT	20147 	10349 	10061 	10401 	10095 	10470 	11453 	10124 	10029 	13241 	14676 	13459 	14834 	12695 	9501 
A,TOTAL,GT03,THS_T,LU	25040 	22529 	25343 	23914 	25419 	19358 	21944 	17580 	22409 	19505 	19068 	22534 	16218 	18268 	18559 
A,TOTAL,GT03,THS_T,LV	23724 	11146 	15669 	19722 	19454 	22741 	22715 	20173 	14964 	19828 	22335 	22322 	22283 	23425 	27372 
A,TOTAL,GT03,THS_T,ME	: 	: 	: 	: 	: 	: 	: 	: 	204 	320 	228 	206 	286 	446 	: 
A,TOTAL,GT03,THS_T,MK	: 	: 	: 	: 	: 	: 	: 	: 	: 	: 	: 	: 	2816 	: 	: 
A,TOTAL,GT03,THS_T,NL	108030 	111394 	89415 	93053 	93022 	84759 	91680 	90379 	93043 	92264 	97373 	93583 	100138 	99622 	92578 
A,TOTAL,GT03,THS_T,NO	139668 	130408 	125615 	120625 	127072 	127085 	148875 	136927 	133662 	129773 	123415 	110597 	102809 	118286 	106740 
A,TOTAL,GT03,THS_T,PL	441034 	401982 	417041 	492121 	374855 	380370 	359196 	326397 	324897 	384322 	344062 	390709 	354922 	363224 	378015 
A,TOTAL,GT03,THS_T,PT	118918 	100950 	73547 	71380 	37552 	28560 	30511 	32020 	28982 	36527 	38334 	36589 	30643 	37149 	34029 
A,TOTAL,GT03,THS_T,RO	159276 	106584 	63081 	70767 	71351 	69362 	61400 	66897 	62079 	62220 	63342 	72509 	85202 	95366 	108360 
A,TOTAL,GT03,THS_T,SE	98280 	106320 	89224 	98685 	83819 	78377 	125842 	127518 	124801 	146069 	158971 	144804 	162371 	161569 	161775 
A,TOTAL,GT03,THS_T,SI	41510 	31159 	31260 	25826 	18895 	19394 	24763 	19341 	22400 	24841 	24892 	27690 	25427 	31771 	33930 
A,TOTAL,GT03,THS_T,SK	91720 	68047 	54086 	44528 	39248 	39884 	42372 	43605 	42653 	59134 	56465 	51943 	50428 	37476 	45332 
A,TOTAL,GT03,THS_T,UK	358990 	254905 	275941 	216697 	215401 	201863 	204828 	234031 	195961 	199974 	184969 	161294 	: 	: 	: 
A,TOTAL,GT04,THS_T,AT	23807 	23399 	23544 	24994 	24090 	24710 	26673 	25810 	28897 	27780 	28580 	29044 	24974 	27919 	29621 
A,TOTAL,GT04,THS_T,BE	42552 	44719 	44775 	43880 	46583 	48384 	47468 	48495 	51473 	55330 	47809 	47313 	54260 	47638 	32421 
A,TOTAL,GT04,THS_T,BG	9207 	8498 	8487 	8830 	10606 	9647 	11420 	10892 	14418 	13098 	12082 	8287 	8733 	10985 	11418 
A,TOTAL,GT04,THS_T,CH	28643 	31422 	31210 	33053 	32629 	28925 	29085 	36918 	32029 	31034 	33569 	33614 	32715 	28662 	37007 
A,TOTAL,GT04,THS_T,CY	4707 	4433 	4143 	3998 	4332 	3138 	3207 	3140 	3373 	3255 	4266 	4156 	3100 	3288 	3390 
A,TOTAL,GT04,THS_T,CZ	29193 	27215 	29038 	33170 	28023 	31528 	36198 	35859 	35219 	34681 	36275 	36343 	41980 	41630 	40359 
A,TOTAL,GT04,THS_T,DE	334416 	335256 	301040 	305206 	304955 	310863 	311528 	323022 	332336 	324611 	328056 	338119 	330515 	323598 	316002 
A,TOTAL,GT04,THS_T,DK	27833 	23758 	25983 	23718 	26069 	27178 	27481 	24216 	29021 	26827 	25651 	24082 	23938 	22270 	23976 
A,TOTAL,GT04,THS_T,EE	3642 	2726 	2439 	3249 	2076 	2635 	2378 	2892 	2963 	2079 	2707 	2993 	2357 	2895 	2213 
A,TOTAL,GT04,THS_T,EL	39779 	36473 	34742 	26659 	28267 	23145 	28236 	31000 	36530 	41031 	34370 	35209 	32371 	33978 	30088 
A,TOTAL,GT04,THS_T,ES	187698 	177656 	186249 	183115 	194283 	189670 	199182 	216779 	227639 	235150 	249992 	263361 	263439 	279646 	281591 
A,TOTAL,GT04,THS_T,EU27_2020	1405608 	1355829 	1362501 	1333337 	1336120 	1345570 	1369203 	1438636 	1504406 	1535226 	1536374 	1563962 	1594982 	1613944 	1598891 
A,TOTAL,GT04,THS_T,FI	21833 	22749 	19528 	17364 	19106 	15592 	16254 	16125 	15468 	15620 	13944 	13109 	16583 	14393 	14779 
A,TOTAL,GT04,THS_T,FR	203402 	162407 	171364 	179643 	168332 	163084 	158911 	166417 	169264 	171412 	173856 	169692 	164758 	157692 	146967 
A,TOTAL,GT04,THS_T,HR	9209 	8717 	7748 	8086 	8609 	8886 	8618 	10132 	9482 	9621 	10548 	9842 	9765 	9523 	9997 
A,TOTAL,GT04,THS_T,HU	26440 	31041 	26981 	28635 	25424 	25127 	24333 	24644 	24629 	23902 	24028 	25807 	23690 	25621 	24289 
A,TOTAL,GT04,THS_T,IE	31831 	23368 	22256 	20715 	20968 	20167 	20922 	22724 	23905 	25404 	24950 	25958 	24296 	26243 	25890 
A,TOTAL,GT04,THS_T,IT	111509 	122404 	129341 	101673 	111692 	109775 	110900 	110987 	116854 	110143 	113217 	126152 	140617 	136449 	154397 
A,TOTAL,GT04,THS_T,LT	5840 	6394 	5750 	6151 	6521 	7724 	7654 	8609 	9680 	10287 	12377 	15117 	16372 	17066 	14732 
A,TOTAL,GT04,THS_T,LU	4843 	4767 	4396 	4245 	2866 	3321 	4679 	4045 	3502 	3467 	3175 	2819 	3005 	2966 	3374 
A,TOTAL,GT04,THS_T,LV	6506 	5614 	6073 	7182 	5881 	7334 	7058 	9040 	9841 	8673 	10418 	9959 	9196 	9159 	8988 
A,TOTAL,GT04,THS_T,ME	: 	: 	: 	: 	: 	: 	: 	: 	58 	53 	52 	47 	41 	58 	: 
A,TOTAL,GT04,THS_T,MK	: 	: 	: 	: 	: 	: 	: 	: 	: 	: 	: 	: 	472 	: 	: 
A,TOTAL,GT04,THS_T,NL	92962 	94167 	117372 	121654 	122375 	113171 	115360 	124106 	126420 	128539 	124811 	130810 	129793 	134873 	142762 
A,TOTAL,GT04,THS_T,NO	25679 	23147 	23220 	22113 	21051 	20424 	26171 	22182 	17849 	18330 	18955 	22552 	24159 	24925 	26944 
A,TOTAL,GT04,THS_T,PL	92442 	96961 	112596 	102191 	102115 	128852 	120669 	140160 	140386 	177968 	162395 	154529 	178505 	191053 	186869 
A,TOTAL,GT04,THS_T,PT	25538 	24017 	24647 	23102 	22570 	19644 	18985 	17693 	18779 	16468 	16359 	15423 	13228 	12563 	13332 
A,TOTAL,GT04,THS_T,RO	26519 	28856 	14980 	14026 	14926 	17123 	17512 	17955 	20650 	20462 	21245 	22762 	26319 	26972 	25598 
A,TOTAL,GT04,THS_T,SE	27194 	24090 	22676 	24649 	18868 	18553 	27561 	25380 	34017 	29285 	36787 	33967 	36091 	36421 	38123 
A,TOTAL,GT04,THS_T,SI	4357 	4043 	4523 	4731 	4626 	4810 	4667 	4819 	5225 	5146 	4877 	4913 	4711 	5326 	5097 
A,TOTAL,GT04,THS_T,SK	12348 	12099 	11831 	12469 	11957 	11509 	11349 	13693 	14433 	14988 	13598 	14195 	12385 	13775 	12618 
A,TOTAL,GT04,THS_T,UK	276822 	280494 	289838 	284404 	298163 	283819 	239637 	264240 	279501 	291611 	288207 	271971 	: 	: 	: 
A,TOTAL,GT05,THS_T,AT	1164 	1131 	921 	777 	985 	982 	971 	1213 	975 	1236 	1229 	1266 	1552 	1291 	1394 
A,TOTAL,GT05,THS_T,BE	2317 	2524 	1910 	1825 	2508 	2490 	2073 	2895 	2641 	1436 	2250 	1775 	1156 	1303 	1168 
A,TOTAL,GT05,THS_T,BG	838 	620 	507 	698 	559 	1100 	736 	776 	1197 	912 	679 	547 	1112 	770 	1204 
A,TOTAL,GT05,THS_T,CH	1287 	1076 	1055 	1077 	1259 	1398 	481 	995 	892 	658 	1212 	1127 	635 	1081 	1032 
A,TOTAL,GT05,THS_T,CY	130 	78 	65 	46 	109 	41 	35 	37 	62 	25 	35 	79 	33 	12 	20 
A,TOTAL,GT05,THS_T,CZ	2224 	2208 	2252 	2060 	1924 	2074 	1821 	1545 	1707 	2067 	1691 	1416 	2451 	2034 	2142 
A,TOTAL,GT05,THS_T,DE	13253 	11339 	11858 	10381 	9004 	8609 	8586 	8117 	7857 	8013 	7844 	7701 	5762 	6131 	6473 
A,TOTAL,GT05,THS_T,DK	772 	545 	594 	741 	664 	722 	737 	519 	546 	511 	564 	487 	633 	463 	539 
A,TOTAL,GT05,THS_T,EE	164 	141 	159 	111 	134 	207 	151 	197 	217 	184 	158 	119 	81 	26 	62 
A,TOTAL,GT05,THS_T,EL	1392 	1223 	553 	657 	781 	416 	301 	127 	288 	569 	661 	671 	528 	544 	529 
A,TOTAL,GT05,THS_T,ES	5046 	3823 	4133 	4811 	4464 	4308 	4956 	4835 	5664 	8341 	7266 	10797 	6134 	7742 	8067 
A,TOTAL,GT05,THS_T,EU27_2020	58243 	57957 	55995 	55988 	57272 	53618 	50563 	53003 	55746 	61028 	52303 	57162 	46513 	49756 	53116 
A,TOTAL,GT05,THS_T,FI	520 	997 	453 	457 	691 	479 	480 	507 	216 	544 	709 	549 	350 	502 	236 
A,TOTAL,GT05,THS_T,FR	5714 	6697 	8537 	6887 	8299 	6505 	5839 	7727 	7651 	12883 	5612 	4277 	4644 	5266 	5643 
A,TOTAL,GT05,THS_T,HR	316 	192 	207 	246 	202 	217 	285 	330 	334 	476 	443 	338 	194 	352 	271 
A,TOTAL,GT05,THS_T,HU	493 	548 	385 	654 	480 	527 	471 	772 	1785 	1362 	993 	1049 	510 	861 	501 
A,TOTAL,GT05,THS_T,IE	1078 	1032 	889 	845 	860 	1031 	745 	822 	785 	689 	747 	678 	608 	563 	488 
A,TOTAL,GT05,THS_T,IT	8555 	11700 	8306 	10751 	12465 	9741 	8612 	8519 	10139 	6479 	6665 	7801 	8302 	6173 	8289 
A,TOTAL,GT05,THS_T,LT	295 	248 	224 	242 	292 	270 	339 	299 	309 	431 	386 	574 	495 	630 	1397 
A,TOTAL,GT05,THS_T,LU	163 	113 	71 	78 	66 	102 	125 	104 	80 	32 	30 	54 	37 	25 	51 
A,TOTAL,GT05,THS_T,LV	214 	107 	143 	177 	187 	184 	178 	162 	201 	138 	173 	108 	121 	131 	79 
A,TOTAL,GT05,THS_T,ME	: 	: 	: 	: 	: 	: 	: 	: 	: 	0 	0 	1 	1 	0 	: 
A,TOTAL,GT05,THS_T,MK	: 	: 	: 	: 	: 	: 	: 	: 	: 	: 	: 	: 	51 	: 	: 
A,TOTAL,GT05,THS_T,NL	3961 	3829 	5445 	5147 	4582 	4797 	4415 	4158 	4181 	3789 	3690 	5160 	3993 	3931 	3852 
A,TOTAL,GT05,THS_T,NO	293 	469 	639 	505 	463 	398 	644 	533 	649 	736 	706 	1085 	302 	1248 	892 
A,TOTAL,GT05,THS_T,PL	3157 	4552 	4219 	4044 	4440 	4610 	3978 	4302 	4378 	5741 	5570 	5841 	4331 	6502 	5386 
A,TOTAL,GT05,THS_T,PT	1238 	1169 	1083 	1372 	811 	1040 	1101 	1139 	1121 	1194 	1064 	983 	574 	945 	649 
A,TOTAL,GT05,THS_T,RO	2850 	1448 	1400 	1272 	1114 	1396 	1332 	1145 	1357 	1256 	1528 	1745 	1515 	1648 	1405 
A,TOTAL,GT05,THS_T,SE	1071 	714 	428 	455 	602 	387 	991 	1726 	743 	1293 	969 	2120 	547 	1038 	2288 
A,TOTAL,GT05,THS_T,SI	529 	273 	321 	340 	304 	306 	312 	265 	321 	380 	436 	344 	294 	372 	331 
A,TOTAL,GT05,THS_T,SK	793 	707 	933 	911 	744 	1076 	993 	766 	988 	1045 	910 	684 	556 	500 	655 
A,TOTAL,GT05,THS_T,UK	11947 	15818 	15477 	11095 	10462 	15632 	11744 	11436 	13366 	15575 	11392 	10544 	: 	: 	: 
A,TOTAL,GT06,THS_T,AT	29705 	25420 	28494 	27726 	26288 	26289 	27296 	26657 	30979 	30208 	31638 	32122 	22004 	20197 	20354 
A,TOTAL,GT06,THS_T,BE	18756 	18016 	16888 	16317 	14889 	15216 	14041 	15040 	12505 	12346 	9729 	9876 	7992 	11872 	11167 
A,TOTAL,GT06,THS_T,BG	3471 	2255 	2646 	3281 	2840 	4007 	5085 	4983 	5619 	4841 	3593 	3245 	4526 	5721 	3878 
A,TOTAL,GT06,THS_T,CH	5149 	3868 	4535 	5536 	4799 	5373 	5223 	4334 	4425 	3905 	5297 	3998 	4231 	4327 	4349 
A,TOTAL,GT06,THS_T,CY	544 	284 	520 	646 	356 	334 	133 	306 	81 	513 	422 	469 	313 	316 	362 
A,TOTAL,GT06,THS_T,CZ	23554 	18225 	19981 	13420 	12274 	12564 	13238 	13659 	12647 	12642 	11999 	10844 	11050 	13595 	11490 
A,TOTAL,GT06,THS_T,DE	139765 	119913 	121963 	126807 	117366 	112937 	116311 	114748 	112518 	111514 	111737 	110649 	105341 	106990 	98014 
A,TOTAL,GT06,THS_T,DK	7801 	7806 	5853 	5379 	5580 	4713 	3991 	4329 	3526 	3597 	2736 	2604 	2078 	2172 	1781 
A,TOTAL,GT06,THS_T,EE	4805 	1999 	1951 	4027 	2155 	3981 	4312 	2981 	5742 	3498 	2887 	3878 	4282 	5830 	4498 
A,TOTAL,GT06,THS_T,EL	9046 	9800 	7223 	8930 	6144 	4526 	6897 	4638 	6254 	4670 	6002 	5355 	5683 	6185 	4557 
A,TOTAL,GT06,THS_T,ES	50089 	41773 	42008 	43014 	45379 	40809 	44080 	44729 	52115 	48911 	51845 	52937 	47810 	55661 	53580 
A,TOTAL,GT06,THS_T,EU27_2020	604377 	547568 	547176 	530642 	496376 	509159 	516601 	523065 	549607 	557138 	527756 	534587 	518441 	551108 	501229 
A,TOTAL,GT06,THS_T,FI	31634 	17754 	26390 	16687 	15799 	16416 	13580 	16925 	16252 	18356 	17780 	18279 	15382 	17899 	15724 
A,TOTAL,GT06,THS_T,FR	45544 	57685 	53180 	37552 	34268 	35419 	32244 	28924 	32003 	33678 	29419 	26885 	24946 	24011 	19679 
A,TOTAL,GT06,THS_T,HR	6121 	5298 	5867 	6633 	6289 	6177 	6957 	8147 	8504 	8881 	9284 	8469 	7748 	8830 	9547 
A,TOTAL,GT06,THS_T,HU	6587 	5376 	5829 	5824 	6958 	6290 	7615 	7507 	11073 	10160 	10432 	9501 	7997 	10184 	10023 
A,TOTAL,GT06,THS_T,IE	7244 	5540 	5988 	4725 	4368 	4265 	4746 	4397 	5788 	4950 	5954 	5048 	4951 	5324 	5071 
A,TOTAL,GT06,THS_T,IT	48402 	53184 	53205 	51867 	43073 	44667 	34155 	34505 	39240 	43130 	41455 	41903 	35890 	40435 	40998 
A,TOTAL,GT06,THS_T,LT	2367 	2002 	2268 	2354 	2478 	3047 	3645 	4109 	4860 	5116 	6227 	5965 	5680 	6730 	4192 
A,TOTAL,GT06,THS_T,LU	3607 	4426 	4215 	4372 	2767 	3122 	3670 	2999 	3343 	2946 	3444 	4123 	3708 	3757 	4327 
A,TOTAL,GT06,THS_T,LV	6112 	5078 	5923 	6588 	6446 	7926 	7769 	8325 	10340 	9834 	9914 	9936 	12244 	13821 	11469 
A,TOTAL,GT06,THS_T,ME	: 	: 	: 	: 	: 	: 	: 	: 	4 	5 	3 	3 	15 	19 	: 
A,TOTAL,GT06,THS_T,MK	: 	: 	: 	: 	: 	: 	: 	: 	: 	: 	: 	: 	26 	: 	: 
A,TOTAL,GT06,THS_T,NL	28218 	24190 	27316 	26879 	24747 	25536 	26635 	26720 	24371 	24285 	23962 	24373 	24775 	27893 	23152 
A,TOTAL,GT06,THS_T,NO	5249 	4272 	9310 	5073 	5008 	5916 	4601 	8254 	4835 	3447 	3740 	4578 	4667 	5535 	4354 
A,TOTAL,GT06,THS_T,PL	51340 	49917 	58300 	63696 	65072 	79909 	82275 	79557 	82959 	90031 	77984 	87993 	92618 	99221 	82751 
A,TOTAL,GT06,THS_T,PT	10601 	10104 	8021 	10792 	8595 	8812 	9180 	9500 	8583 	9452 	8911 	9456 	7699 	8813 	9282 
A,TOTAL,GT06,THS_T,RO	15184 	13604 	8023 	7846 	8457 	9920 	9983 	10716 	11267 	10403 	10137 	10703 	9234 	11535 	11591 
A,TOTAL,GT06,THS_T,SE	45439 	39546 	28328 	28064 	26644 	23760 	31003 	41480 	40259 	44407 	31490 	32016 	47670 	37042 	37045 
A,TOTAL,GT06,THS_T,SI	2768 	2535 	2919 	2789 	2910 	2818 	2596 	2506 	3252 	3457 	3350 	3258 	2546 	2757 	2864 
A,TOTAL,GT06,THS_T,SK	5673 	5840 	3877 	4427 	4232 	5699 	5161 	4676 	5528 	5310 	5425 	4699 	4272 	4318 	3833 
A,TOTAL,GT06,THS_T,UK	99513 	78954 	82468 	67245 	57554 	56870 	48290 	56247 	48461 	39745 	48905 	48550 	: 	: 	: 
A,TOTAL,GT07,THS_T,AT	12684 	11032 	10325 	10539 	9272 	8801 	9609 	10635 	9748 	9876 	9407 	10085 	8468 	7958 	8806 
A,TOTAL,GT07,THS_T,BE	14293 	13847 	12700 	12716 	12347 	14225 	10619 	12641 	12428 	15049 	10919 	12949 	13810 	10160 	8420 
A,TOTAL,GT07,THS_T,BG	8815 	5451 	3273 	4884 	6901 	7903 	3759 	6574 	3980 	7273 	4969 	3293 	6555 	5631 	10176 
A,TOTAL,GT07,THS_T,CH	14034 	13301 	9882 	10462 	10045 	14031 	12120 	11076 	9675 	10382 	9311 	13449 	8598 	10719 	8792 
A,TOTAL,GT07,THS_T,CY	3493 	3002 	3101 	3431 	3021 	2980 	2698 	2323 	3033 	3125 	2502 	1599 	1350 	1701 	1953 
A,TOTAL,GT07,THS_T,CZ	10237 	8738 	8495 	8412 	6223 	6374 	7880 	9211 	9865 	8963 	6212 	9160 	12691 	11926 	9959 
A,TOTAL,GT07,THS_T,DE	103425 	96761 	92170 	87057 	91669 	88075 	90735 	86480 	94287 	91882 	92001 	94170 	85023 	76208 	82802 
A,TOTAL,GT07,THS_T,DK	10700 	6295 	6127 	6211 	5731 	5383 	4473 	4653 	5723 	4589 	4086 	3575 	5253 	4400 	4278 
A,TOTAL,GT07,THS_T,EE	1362 	171 	973 	1278 	912 	984 	1245 	973 	892 	1277 	781 	1061 	744 	908 	1550 
A,TOTAL,GT07,THS_T,EL	29723 	31837 	25735 	18092 	21324 	9186 	10861 	13814 	10609 	14809 	13659 	14248 	9874 	12021 	10199 
A,TOTAL,GT07,THS_T,ES	79605 	84804 	72411 	71292 	61989 	56422 	53605 	58485 	60055 	65909 	68570 	72917 	63095 	65283 	63882 
A,TOTAL,GT07,THS_T,EU27_2020	544807 	502709 	484555 	450365 	426465 	413051 	410787 	429078 	435376 	442589 	415507 	440956 	414718 	401741 	407135 
A,TOTAL,GT07,THS_T,FI	8350 	7782 	10317 	7171 	7640 	6778 	6401 	8660 	10001 	9289 	6663 	8549 	8880 	6281 	10667 
A,TOTAL,GT07,THS_T,FR	81547 	63583 	61401 	61067 	65200 	61259 	62124 	69467 	69698 	63023 	60121 	49184 	50734 	53777 	49360 
A,TOTAL,GT07,THS_T,HR	4258 	3424 	3209 	3087 	2759 	2862 	3027 	2390 	3069 	2745 	3191 	4095 	2959 	3032 	3288 
A,TOTAL,GT07,THS_T,HU	11698 	8634 	7911 	5579 	2465 	6245 	5780 	3509 	4533 	3026 	3887 	3156 	3731 	4401 	2603 
A,TOTAL,GT07,THS_T,IE	12540 	9682 	11348 	8046 	8250 	9181 	9642 	10724 	13092 	10340 	9260 	10293 	10500 	9467 	9440 
A,TOTAL,GT07,THS_T,IT	72542 	57952 	63009 	62280 	44550 	44698 	41819 	42218 	35206 	36177 	39878 	45023 	38660 	35707 	37425 
A,TOTAL,GT07,THS_T,LT	1932 	1157 	1103 	1023 	1156 	1076 	1216 	1301 	1859 	1883 	1419 	2060 	1666 	2310 	1154 
A,TOTAL,GT07,THS_T,LU	1251 	1064 	1184 	1893 	1855 	2703 	2822 	1753 	2666 	2359 	2393 	2681 	2029 	1447 	613 
A,TOTAL,GT07,THS_T,LV	1552 	1785 	1528 	1746 	1139 	1422 	1449 	1978 	2469 	2104 	2281 	2082 	1737 	2347 	2054 
A,TOTAL,GT07,THS_T,ME	: 	: 	: 	: 	: 	: 	: 	: 	24 	43 	36 	44 	31 	6 	: 
A,TOTAL,GT07,THS_T,MK	: 	: 	: 	: 	: 	: 	: 	: 	: 	: 	: 	: 	215 	: 	: 
A,TOTAL,GT07,THS_T,NL	7825 	10258 	20957 	15712 	13533 	12451 	10964 	9195 	9384 	10022 	9950 	9841 	9401 	8884 	8720 
A,TOTAL,GT07,THS_T,NO	18576 	14867 	12273 	10461 	13003 	20703 	16954 	14845 	21164 	20734 	18023 	20157 	14243 	18822 	20826 
A,TOTAL,GT07,THS_T,PL	29737 	37789 	34732 	33029 	35891 	42252 	44700 	37234 	38720 	44134 	33870 	47120 	47480 	48194 	46631 
A,TOTAL,GT07,THS_T,PT	10750 	7512 	5637 	8837 	3408 	4510 	5404 	6960 	4472 	5957 	4176 	3645 	3158 	3403 	2771 
A,TOTAL,GT07,THS_T,RO	6926 	9994 	4524 	3492 	4226 	4458 	4442 	4676 	5486 	5137 	5659 	5844 	5870 	7160 	10810 
A,TOTAL,GT07,THS_T,SE	14116 	15270 	15213 	8387 	10018 	8802 	11271 	17181 	16303 	15983 	11771 	16187 	11475 	10324 	11722 
A,TOTAL,GT07,THS_T,SI	2827 	2875 	3303 	2834 	2461 	2371 	2386 	3005 	3727 	3430 	4111 	3986 	4619 	4419 	4099 
A,TOTAL,GT07,THS_T,SK	2619 	2008 	3869 	2270 	2527 	1649 	1856 	3038 	4072 	4227 	3769 	4153 	4956 	4391 	3752 
A,TOTAL,GT07,THS_T,UK	72962 	57663 	68633 	64174 	74412 	55789 	54810 	64504 	48986 	45355 	39552 	37604 	: 	: 	: 
A,TOTAL,GT08,THS_T,AT	3710 	3883 	3687 	3393 	3926 	3475 	3576 	2929 	3911 	4033 	3846 	3469 	4240 	4339 	4348 
A,TOTAL,GT08,THS_T,BE	27454 	25170 	23282 	23060 	23167 	22712 	24214 	28535 	29435 	28257 	23342 	23294 	20171 	16201 	16628 
A,TOTAL,GT08,THS_T,BG	4330 	2253 	3093 	7581 	4125 	7298 	7335 	4523 	4944 	5024 	5854 	3111 	4153 	5944 	4773 
A,TOTAL,GT08,THS_T,CH	6154 	5297 	6798 	5195 	7547 	5468 	5844 	4485 	5697 	5523 	6130 	4461 	5363 	6205 	5174 
A,TOTAL,GT08,THS_T,CY	517 	319 	289 	389 	593 	340 	156 	293 	322 	250 	346 	365 	422 	170 	437 
A,TOTAL,GT08,THS_T,CZ	10822 	9817 	10660 	10500 	9336 	10185 	11752 	12181 	9991 	12470 	10669 	8381 	8673 	9387 	10751 
A,TOTAL,GT08,THS_T,DE	244465 	219644 	137792 	147342 	143802 	139530 	144692 	147403 	143638 	140587 	140902 	134131 	134194 	127948 	122284 
A,TOTAL,GT08,THS_T,DK	4292 	3601 	4129 	4701 	3125 	2856 	3320 	2792 	4334 	3014 	2964 	3760 	3311 	3857 	2876 
A,TOTAL,GT08,THS_T,EE	195 	413 	649 	884 	781 	1109 	738 	895 	988 	650 	652 	777 	703 	721 	874 
A,TOTAL,GT08,THS_T,EL	8166 	8362 	7677 	4927 	4886 	4528 	8751 	6292 	8054 	5847 	5574 	5735 	4570 	8229 	7277 
A,TOTAL,GT08,THS_T,ES	84979 	62023 	65102 	64395 	65097 	63074 	67678 	72776 	70538 	74075 	73486 	84377 	87139 	93855 	82826 
A,TOTAL,GT08,THS_T,EU27_2020	658781 	577545 	509996 	517796 	524212 	506621 	519022 	533058 	538707 	559893 	538514 	545711 	543900 	562326 	529552 
A,TOTAL,GT08,THS_T,FI	9587 	11861 	9914 	8441 	7979 	7990 	8734 	7738 	7425 	7476 	8122 	8038 	8024 	9237 	8936 
A,TOTAL,GT08,THS_T,FR	78487 	50246 	53470 	57336 	59243 	53195 	50884 	48972 	51362 	56436 	50773 	45826 	46540 	49175 	45154 
A,TOTAL,GT08,THS_T,HR	2728 	2279 	2018 	1947 	2286 	2063 	1909 	2125 	2560 	2511 	2817 	2260 	2639 	2649 	2547 
A,TOTAL,GT08,THS_T,HU	10348 	9797 	9091 	9944 	8935 	8421 	9857 	9481 	5496 	5123 	4672 	4106 	4039 	4500 	4489 
A,TOTAL,GT08,THS_T,IE	6982 	4052 	4207 	3827 	3583 	4554 	4141 	3936 	4610 	5179 	4686 	4522 	3501 	4501 	4615 
A,TOTAL,GT08,THS_T,IT	44174 	44766 	44655 	37677 	40406 	32610 	27468 	28533 	29919 	32454 	33561 	37244 	38674 	39273 	36986 
A,TOTAL,GT08,THS_T,LT	1652 	1599 	1753 	1848 	2103 	2445 	2744 	2896 	3118 	4329 	5121 	5098 	4591 	4829 	2042 
A,TOTAL,GT08,THS_T,LU	1679 	1823 	2505 	2810 	2379 	1882 	1965 	1591 	1551 	1637 	1534 	1907 	1810 	1264 	1449 
A,TOTAL,GT08,THS_T,LV	936 	909 	776 	806 	1366 	1056 	1310 	1753 	1841 	2309 	1612 	2006 	1393 	1459 	1274 
A,TOTAL,GT08,THS_T,ME	: 	: 	: 	: 	: 	: 	: 	: 	6 	8 	17 	0 	5 	8 	: 
A,TOTAL,GT08,THS_T,MK	: 	: 	: 	: 	: 	: 	: 	: 	: 	: 	: 	: 	18 	: 	: 
A,TOTAL,GT08,THS_T,NL	48535 	54903 	59271 	61258 	65568 	59472 	57261 	60920 	61292 	66774 	65743 	64506 	64878 	61769 	62305 
A,TOTAL,GT08,THS_T,NO	5770 	9642 	4626 	7228 	4933 	4148 	8307 	5749 	6271 	4761 	5107 	4901 	4199 	7545 	4825 
A,TOTAL,GT08,THS_T,PL	36792 	36284 	43873 	42990 	48254 	53356 	51763 	61358 	65669 	70293 	63865 	73999 	76923 	85326 	79657 
A,TOTAL,GT08,THS_T,PT	8400 	6049 	5895 	5869 	5705 	6067 	3990 	3934 	3789 	3517 	3429 	3450 	2405 	2817 	3084 
A,TOTAL,GT08,THS_T,RO	2602 	3379 	2093 	1744 	2001 	2174 	2049 	1936 	2815 	3808 	3220 	3084 	2728 	3389 	2809 
A,TOTAL,GT08,THS_T,SE	8010 	6001 	6743 	6544 	7334 	5368 	10907 	9591 	10135 	10260 	9297 	9615 	6447 	9930 	10405 
A,TOTAL,GT08,THS_T,SI	2686 	2940 	2841 	3249 	2971 	3008 	3762 	3436 	3636 	4058 	3935 	3857 	3848 	3763 	3493 
A,TOTAL,GT08,THS_T,SK	6254 	5171 	4531 	4334 	5258 	7852 	8066 	6238 	7336 	9522 	8492 	8791 	7883 	7795 	7232 
A,TOTAL,GT08,THS_T,UK	97771 	87560 	82687 	71512 	54596 	40313 	48176 	42613 	45947 	51566 	51142 	49878 	: 	: 	: 
A,TOTAL,GT09,THS_T,AT	39991 	36883 	39346 	45134 	41588 	38407 	42629 	40925 	48303 	51850 	50037 	52992 	63250 	77389 	71840 
A,TOTAL,GT09,THS_T,BE	39605 	37916 	34790 	35379 	33632 	34214 	39487 	39974 	40429 	39608 	43080 	48486 	44086 	35676 	47890 
A,TOTAL,GT09,THS_T,BG	35903 	24992 	21219 	20686 	14842 	19855 	15624 	15285 	18266 	16964 	17267 	13946 	18377 	18102 	28225 
A,TOTAL,GT09,THS_T,CH	38762 	38455 	42011 	43872 	49055 	45992 	44126 	42212 	43103 	49623 	44621 	39792 	44088 	40776 	40450 
A,TOTAL,GT09,THS_T,CY	11965 	5021 	7826 	5616 	4259 	3155 	2419 	2722 	5055 	7126 	6448 	8615 	6466 	7326 	8563 
A,TOTAL,GT09,THS_T,CZ	51454 	42139 	34006 	33554 	30529 	34954 	38071 	43483 	41650 	49197 	52047 	56041 	46578 	46006 	49694 
A,TOTAL,GT09,THS_T,DE	227315 	208281 	293120 	344723 	325754 	334426 	347674 	341447 	358775 	385746 	388813 	382089 	392939 	371508 	370109 
A,TOTAL,GT09,THS_T,DK	16714 	11637 	11009 	12958 	13167 	13197 	13361 	14346 	17825 	16711 	15222 	17793 	15709 	19161 	16839 
A,TOTAL,GT09,THS_T,EE	3016 	2296 	1505 	1993 	2133 	1563 	1262 	1576 	1772 	1321 	2211 	1593 	1088 	1191 	951 
A,TOTAL,GT09,THS_T,EL	103863 	43110 	62458 	37710 	41743 	21996 	30837 	32453 	29080 	23774 	28466 	25446 	19155 	31607 	32092 
A,TOTAL,GT09,THS_T,ES	409063 	297514 	253907 	223874 	167131 	141456 	141178 	149458 	161785 	178296 	182137 	200821 	197106 	212809 	217097 
A,TOTAL,GT09,THS_T,EU27_2020	2169978 	1911042 	1935982 	1941116 	1746250 	1660036 	1632886 	1574853 	1571457 	1597351 	1595565 	1682684 	1597156 	1730230 	1759294 
A,TOTAL,GT09,THS_T,FI	28045 	26001 	22892 	21654 	22315 	15873 	16686 	16328 	16791 	17948 	14193 	15561 	19251 	16606 	19774 
A,TOTAL,GT09,THS_T,FR	332358 	445745 	460397 	491897 	498674 	470938 	421683 	381685 	348968 	303348 	274040 	276859 	233969 	301495 	277627 
A,TOTAL,GT09,THS_T,HR	17986 	14021 	11258 	9864 	8683 	7923 	7116 	6744 	7718 	7890 	8049 	10519 	10561 	11154 	12453 
A,TOTAL,GT09,THS_T,HU	33446 	27983 	23550 	17852 	16373 	16635 	19694 	20804 	16500 	14455 	17949 	23199 	16128 	17907 	18688 
A,TOTAL,GT09,THS_T,IE	114847 	21600 	14653 	12573 	12406 	13333 	13666 	15100 	18946 	21689 	22290 	25745 	21294 	22248 	27290 
A,TOTAL,GT09,THS_T,IT	266496 	249713 	285669 	232149 	171257 	158010 	136824 	132563 	110768 	105913 	107873 	119058 	108071 	128847 	128600 
A,TOTAL,GT09,THS_T,LT	6200 	3197 	3479 	3360 	3554 	3621 	4086 	3935 	4420 	4908 	6158 	6591 	7731 	7179 	7582 
A,TOTAL,GT09,THS_T,LU	6176 	5031 	6728 	6232 	5789 	6094 	4601 	3294 	4043 	4208 	4963 	4888 	3612 	5443 	6392 
A,TOTAL,GT09,THS_T,LV	2394 	1761 	1823 	2318 	2441 	2674 	3154 	2481 	2510 	3992 	4492 	4070 	4373 	3583 	4212 
A,TOTAL,GT09,THS_T,ME	: 	: 	: 	: 	: 	: 	: 	: 	189 	213 	262 	358 	229 	128 	: 
A,TOTAL,GT09,THS_T,MK	: 	: 	: 	: 	: 	: 	: 	: 	: 	: 	: 	: 	427 	: 	: 
A,TOTAL,GT09,THS_T,NL	96883 	94773 	70153 	72395 	54654 	66010 	60728 	60686 	62077 	68852 	70898 	75480 	69203 	68295 	75980 
A,TOTAL,GT09,THS_T,NO	15102 	6693 	7470 	11846 	14228 	10285 	10984 	11801 	14782 	11911 	11445 	11090 	14633 	12078 	14070 
A,TOTAL,GT09,THS_T,PL	160137 	166753 	158071 	193432 	177904 	173750 	185684 	161793 	163336 	177766 	177246 	196196 	178554 	193855 	205121 
A,TOTAL,GT09,THS_T,PT	47267 	46363 	42032 	34852 	21186 	16454 	16025 	16139 	15389 	16969 	16468 	18618 	18171 	18475 	17931 
A,TOTAL,GT09,THS_T,RO	76063 	63754 	41476 	44351 	45184 	36713 	37815 	37272 	43060 	38742 	42978 	46322 	51605 	61939 	60731 
A,TOTAL,GT09,THS_T,SE	15492 	10296 	14314 	15947 	14398 	14208 	16525 	15825 	17823 	20194 	20285 	20740 	21073 	24247 	25743 
A,TOTAL,GT09,THS_T,SI	11442 	8912 	10262 	9142 	7246 	6455 	6619 	6968 	5956 	7743 	7537 	7785 	9113 	8445 	9260 
A,TOTAL,GT09,THS_T,SK	15856 	15350 	10039 	11470 	9406 	8118 	9437 	11566 	10213 	12141 	14419 	23229 	19693 	19735 	18612 
A,TOTAL,GT09,THS_T,UK	187649 	131769 	145237 	137116 	119304 	117296 	135830 	140789 	129428 	136246 	138209 	147483 	: 	: 	: 
A,TOTAL,GT10,THS_T,AT	10557 	8712 	8995 	10072 	10098 	9244 	10031 	10127 	9924 	10906 	11818 	11405 	16160 	14632 	13404 
A,TOTAL,GT10,THS_T,BE	17106 	13462 	17494 	13440 	13420 	14593 	15710 	10343 	10731 	10424 	10886 	9619 	9375 	12373 	9826 
A,TOTAL,GT10,THS_T,BG	4229 	3825 	3993 	4752 	3588 	4871 	7403 	5085 	5044 	6532 	4416 	4423 	5873 	8215 	3546 
A,TOTAL,GT10,THS_T,CH	8034 	7469 	7316 	6949 	8214 	9732 	7938 	6536 	6117 	7725 	6063 	6960 	6478 	6654 	7401 
A,TOTAL,GT10,THS_T,CY	1155 	639 	704 	422 	351 	216 	386 	313 	683 	858 	524 	915 	521 	769 	1311 
A,TOTAL,GT10,THS_T,CZ	24252 	17819 	18574 	21970 	21026 	24389 	23830 	25131 	23962 	28395 	27989 	25142 	19711 	21182 	21177 
A,TOTAL,GT10,THS_T,DE	148869 	106593 	136313 	137625 	130644 	137092 	139401 	134591 	132366 	136196 	139203 	131890 	127435 	126721 	121852 
A,TOTAL,GT10,THS_T,DK	4244 	3843 	3318 	3730 	4754 	3928 	5354 	3587 	4135 	3387 	3581 	3028 	3485 	3203 	3036 
A,TOTAL,GT10,THS_T,EE	1507 	888 	1011 	1290 	1307 	1474 	1369 	951 	1307 	1231 	1097 	1159 	1365 	1118 	1068 
A,TOTAL,GT10,THS_T,EL	16104 	14494 	11645 	10548 	13276 	10206 	9531 	5082 	11798 	10042 	18874 	17362 	21170 	16193 	11822 
A,TOTAL,GT10,THS_T,ES	71527 	50399 	53154 	50645 	43498 	42611 	46018 	45783 	50136 	52579 	55634 	57082 	53118 	62806 	53689 
A,TOTAL,GT10,THS_T,EU27_2020	610144 	470521 	536402 	543251 	499941 	509227 	517461 	485714 	507875 	531415 	556561 	554753 	506881 	564860 	530497 
A,TOTAL,GT10,THS_T,FI	12612 	5837 	7480 	9072 	10092 	8356 	9606 	8024 	5507 	7376 	9168 	9235 	6501 	7419 	6518 
A,TOTAL,GT10,THS_T,FR	47457 	46707 	47834 	46596 	38391 	42490 	36011 	31678 	30654 	36884 	40460 	33051 	32849 	30738 	37335 
A,TOTAL,GT10,THS_T,HR	2987 	2147 	2067 	1995 	2028 	1975 	2248 	2156 	2500 	2614 	2336 	2610 	2628 	2983 	2565 
A,TOTAL,GT10,THS_T,HU	9401 	6773 	6847 	6843 	6119 	5727 	6023 	6905 	8620 	7357 	7531 	6906 	6016 	7984 	6414 
A,TOTAL,GT10,THS_T,IE	4623 	2710 	2234 	2163 	1810 	2193 	2149 	1727 	2061 	1810 	1772 	2092 	1145 	1977 	1722 
A,TOTAL,GT10,THS_T,IT	98380 	71573 	98160 	97119 	77643 	65491 	68420 	61808 	65778 	61751 	70050 	73865 	63321 	84030 	76182 
A,TOTAL,GT10,THS_T,LT	1596 	1238 	1381 	1629 	1584 	1626 	1756 	1758 	1895 	2043 	2827 	3195 	3129 	3059 	2814 
A,TOTAL,GT10,THS_T,LU	2743 	2091 	4097 	4737 	3616 	4161 	4826 	3889 	4406 	4658 	4953 	4785 	4137 	4565 	4299 
A,TOTAL,GT10,THS_T,LV	1705 	1000 	903 	1659 	1260 	1608 	1314 	2087 	1566 	1590 	1388 	1575 	1271 	1762 	1261 
A,TOTAL,GT10,THS_T,ME	: 	: 	: 	: 	: 	: 	: 	: 	17 	18 	18 	20 	13 	23 	: 
A,TOTAL,GT10,THS_T,MK	: 	: 	: 	: 	: 	: 	: 	: 	: 	: 	: 	: 	266 	: 	: 
A,TOTAL,GT10,THS_T,NL	30167 	25759 	28521 	30068 	26983 	26950 	27542 	24904 	25097 	24397 	26202 	22845 	21734 	24612 	21995 
A,TOTAL,GT10,THS_T,NO	5935 	3207 	14780 	8306 	3927 	6073 	5691 	3528 	5809 	5653 	6046 	7631 	4735 	4297 	4411 
A,TOTAL,GT10,THS_T,PL	47465 	42706 	45901 	49147 	54653 	65871 	62192 	60479 	69200 	77578 	75752 	87141 	74911 	88127 	85339 
A,TOTAL,GT10,THS_T,PT	10962 	8552 	7313 	8295 	5183 	6241 	5770 	5535 	6113 	5448 	5944 	6472 	5357 	5164 	4199 
A,TOTAL,GT10,THS_T,RO	13608 	11871 	7180 	6253 	6546 	5923 	5827 	5553 	6697 	6951 	6866 	8450 	6499 	7477 	7097 
A,TOTAL,GT10,THS_T,SE	10220 	7130 	6143 	6039 	5520 	5610 	7064 	8820 	8755 	11564 	8265 	11634 	5166 	9199 	12509 
A,TOTAL,GT10,THS_T,SI	4911 	3675 	4737 	5060 	4950 	4871 	4700 	5764 	5625 	6230 	6519 	6483 	5738 	6806 	6088 
A,TOTAL,GT10,THS_T,SK	11759 	10078 	10405 	12080 	11601 	11511 	12982 	13634 	13313 	12613 	12503 	12389 	8267 	11746 	13427 
A,TOTAL,GT10,THS_T,UK	54833 	46814 	46337 	39817 	55033 	37863 	33932 	38512 	42595 	45640 	34865 	28262 	: 	: 	: 
A,TOTAL,GT11,THS_T,AT	2327 	2534 	2296 	2429 	2670 	2624 	1989 	2674 	2649 	2709 	2211 	2483 	5667 	7860 	7430 
A,TOTAL,GT11,THS_T,BE	6450 	6223 	5464 	5327 	5405 	6070 	5570 	9189 	11036 	8492 	10718 	10818 	8084 	7818 	6508 
A,TOTAL,GT11,THS_T,BG	2692 	1977 	1732 	2110 	2322 	2855 	2631 	3184 	2384 	4357 	2628 	2743 	2976 	2904 	2179 
A,TOTAL,GT11,THS_T,CH	2259 	2472 	2300 	2099 	2395 	1600 	1824 	1249 	1491 	1813 	1561 	1793 	2173 	1899 	2092 
A,TOTAL,GT11,THS_T,CY	298 	129 	181 	193 	188 	89 	68 	61 	88 	280 	396 	369 	864 	577 	509 
A,TOTAL,GT11,THS_T,CZ	11399 	9011 	9341 	9332 	10072 	10116 	10438 	12373 	9639 	10879 	9959 	11349 	10359 	12959 	10426 
A,TOTAL,GT11,THS_T,DE	69564 	56769 	59706 	58922 	53647 	47815 	48615 	48439 	47063 	47826 	48428 	46006 	40020 	40478 	42768 
A,TOTAL,GT11,THS_T,DK	5636 	3409 	1877 	2759 	2898 	3073 	2833 	2503 	2661 	2651 	2721 	2380 	2503 	3362 	3006 
A,TOTAL,GT11,THS_T,EE	192 	232 	436 	519 	480 	371 	377 	530 	581 	459 	398 	280 	262 	463 	456 
A,TOTAL,GT11,THS_T,EL	4540 	5320 	5133 	3900 	3183 	1560 	3080 	3484 	2421 	3420 	3401 	3580 	3939 	3340 	4546 
A,TOTAL,GT11,THS_T,ES	16908 	12839 	12035 	12698 	12148 	9692 	11860 	10611 	12451 	13388 	12964 	15689 	13365 	16555 	18495 
A,TOTAL,GT11,THS_T,EU27_2020	318882 	237184 	260726 	259960 	245090 	241173 	244542 	246753 	250795 	248755 	242550 	249907 	234007 	261201 	255115 
A,TOTAL,GT11,THS_T,FI	10031 	9113 	11228 	7777 	5739 	7395 	6293 	5516 	5231 	4675 	6393 	5913 	7779 	5362 	5658 
A,TOTAL,GT11,THS_T,FR	73874 	36194 	51275 	56433 	56593 	57232 	53993 	55187 	59471 	54819 	45294 	45537 	42090 	47644 	47510 
A,TOTAL,GT11,THS_T,HR	2153 	1648 	1541 	1717 	1082 	1427 	1339 	1381 	1641 	1398 	1224 	1755 	1765 	1785 	1703 
A,TOTAL,GT11,THS_T,HU	7172 	6787 	7151 	9341 	9147 	9399 	9942 	10636 	5025 	5504 	5034 	5404 	3888 	5070 	3899 
A,TOTAL,GT11,THS_T,IE	6895 	3182 	2418 	2112 	1754 	1762 	1668 	1556 	2182 	2157 	1947 	2450 	1194 	2045 	2852 
A,TOTAL,GT11,THS_T,IT	22424 	23335 	24913 	19149 	14446 	12874 	13161 	11226 	13039 	9447 	8967 	10380 	9880 	10501 	11180 
A,TOTAL,GT11,THS_T,LT	2277 	1198 	1393 	1524 	1304 	1200 	1445 	1491 	1389 	1825 	1928 	2659 	2196 	2244 	1362 
A,TOTAL,GT11,THS_T,LU	682 	916 	829 	639 	838 	738 	663 	480 	543 	613 	639 	710 	429 	482 	567 
A,TOTAL,GT11,THS_T,LV	1760 	1437 	1591 	1411 	1859 	1906 	2128 	1683 	1488 	1808 	2509 	2472 	2184 	2679 	2773 
A,TOTAL,GT11,THS_T,ME	: 	: 	: 	: 	: 	: 	: 	: 	9 	4 	5 	6 	8 	3 	: 
A,TOTAL,GT11,THS_T,MK	: 	: 	: 	: 	: 	: 	: 	: 	: 	: 	: 	: 	53 	: 	: 
A,TOTAL,GT11,THS_T,NL	20464 	18687 	23491 	24408 	23494 	26373 	23998 	24934 	26231 	26918 	25652 	28421 	26461 	29775 	28971 
A,TOTAL,GT11,THS_T,NO	5175 	6168 	4336 	5124 	4175 	5146 	5028 	4743 	3879 	3580 	3496 	2931 	4684 	6818 	4906 
A,TOTAL,GT11,THS_T,PL	20369 	14278 	17355 	18409 	17606 	20113 	20449 	20437 	21416 	19704 	21310 	23292 	24298 	30487 	27531 
A,TOTAL,GT11,THS_T,PT	5415 	4066 	4008 	4510 	4263 	2530 	2595 	2598 	2800 	3542 	3265 	3535 	3007 	2927 	2393 
A,TOTAL,GT11,THS_T,RO	12348 	6372 	3434 	3097 	3834 	3719 	4234 	4370 	4263 	5018 	5223 	5841 	5718 	6596 	6356 
A,TOTAL,GT11,THS_T,SE	6160 	5966 	5814 	5814 	5706 	5196 	7363 	6696 	7938 	7738 	9003 	8758 	8341 	10933 	10079 
A,TOTAL,GT11,THS_T,SI	2087 	2161 	2543 	2071 	1728 	1547 	1696 	1589 	1757 	2348 	2141 	2237 	2406 	2525 	2610 
A,TOTAL,GT11,THS_T,SK	4766 	3404 	3543 	3358 	2685 	3499 	6114 	3924 	5409 	6781 	8198 	4846 	4330 	3830 	3350 
A,TOTAL,GT11,THS_T,UK	43775 	42492 	39741 	39376 	32143 	22483 	19293 	24957 	31677 	20995 	29816 	32516 	: 	: 	: 
A,TOTAL,GT12,THS_T,AT	3549 	2736 	2918 	3464 	3333 	3178 	3233 	3268 	3557 	3803 	3827 	4533 	1972 	2158 	1641 
A,TOTAL,GT12,THS_T,BE	1852 	1205 	1080 	1058 	1719 	625 	752 	3757 	5321 	6678 	3633 	3332 	2243 	6216 	4309 
A,TOTAL,GT12,THS_T,BG	874 	1189 	1120 	1211 	1399 	2091 	1660 	2172 	2936 	2669 	2059 	1340 	2520 	2615 	2030 
A,TOTAL,GT12,THS_T,CH	874 	568 	514 	866 	450 	646 	402 	886 	521 	406 	477 	808 	592 	463 	1118 
A,TOTAL,GT12,THS_T,CY	329 	351 	276 	242 	121 	99 	80 	107 	115 	67 	148 	73 	281 	131 	212 
A,TOTAL,GT12,THS_T,CZ	9034 	7003 	10757 	12469 	12436 	13925 	15067 	18024 	16289 	22607 	21528 	22092 	15051 	18393 	17494 
A,TOTAL,GT12,THS_T,DE	82214 	68737 	66088 	72920 	75180 	79574 	84398 	84684 	94051 	94915 	95510 	96390 	72375 	75675 	75119 
A,TOTAL,GT12,THS_T,DK	1792 	1396 	1400 	1854 	1714 	1949 	1418 	1649 	1410 	1285 	1216 	1499 	1167 	1721 	1475 
A,TOTAL,GT12,THS_T,EE	349 	378 	397 	217 	146 	259 	135 	86 	271 	278 	161 	148 	114 	128 	59 
A,TOTAL,GT12,THS_T,EL	2149 	2887 	1896 	1749 	738 	630 	5408 	3898 	995 	1625 	1976 	1259 	1250 	1608 	1701 
A,TOTAL,GT12,THS_T,ES	30576 	24213 	24795 	24584 	25195 	25301 	31289 	30652 	34554 	37769 	44354 	41290 	37830 	38057 	34153 
A,TOTAL,GT12,THS_T,EU27_2020	235029 	196165 	194464 	210928 	200640 	211769 	227694 	234381 	262724 	288542 	297249 	301038 	251266 	271407 	245066 
A,TOTAL,GT12,THS_T,FI	2366 	1371 	1133 	2011 	1910 	2809 	2312 	2242 	2236 	1863 	3016 	2808 	3509 	2501 	2990 
A,TOTAL,GT12,THS_T,FR	32114 	25266 	24794 	29638 	20533 	24381 	22482 	22175 	22021 	24665 	23176 	24672 	19520 	21010 	18076 
A,TOTAL,GT12,THS_T,HR	503 	387 	469 	454 	365 	426 	419 	441 	571 	758 	888 	889 	986 	908 	912 
A,TOTAL,GT12,THS_T,HU	3079 	2347 	2495 	1816 	1476 	1775 	2223 	2113 	1975 	2159 	2481 	2887 	1616 	2490 	2203 
A,TOTAL,GT12,THS_T,IE	: 	271 	417 	415 	422 	556 	372 	658 	997 	1103 	1130 	1241 	620 	645 	762 
A,TOTAL,GT12,THS_T,IT	8600 	11127 	13139 	9220 	7310 	4962 	5201 	5929 	7161 	12631 	15116 	15874 	12596 	14681 	16563 
A,TOTAL,GT12,THS_T,LT	1851 	1207 	1249 	1484 	1412 	1574 	1846 	2190 	2730 	3311 	4555 	5681 	5132 	5338 	4718 
A,TOTAL,GT12,THS_T,LU	751 	457 	596 	551 	475 	577 	727 	570 	731 	524 	603 	557 	595 	688 	563 
A,TOTAL,GT12,THS_T,LV	455 	179 	358 	389 	364 	278 	272 	329 	265 	436 	317 	515 	173 	445 	284 
A,TOTAL,GT12,THS_T,ME	: 	: 	: 	: 	: 	: 	: 	: 	3 	6 	1 	8 	: 	0 	: 
A,TOTAL,GT12,THS_T,MK	: 	: 	: 	: 	: 	: 	: 	: 	: 	: 	: 	: 	64 	: 	: 
A,TOTAL,GT12,THS_T,NL	15474 	11620 	9920 	10506 	8800 	9434 	8554 	8514 	9983 	8600 	9269 	8088 	7727 	9078 	6653 
A,TOTAL,GT12,THS_T,NO	750 	952 	1538 	1661 	1412 	1208 	1682 	1352 	2712 	2365 	1643 	1489 	2703 	1742 	5904 
A,TOTAL,GT12,THS_T,PL	18394 	19182 	16825 	20632 	21394 	22733 	21432 	21551 	32072 	33603 	31719 	35601 	36863 	35814 	27762 
A,TOTAL,GT12,THS_T,PT	4539 	3378 	3195 	2911 	2496 	2703 	2260 	2452 	3072 	2824 	3045 	2479 	1705 	2395 	2494 
A,TOTAL,GT12,THS_T,RO	4060 	2612 	2072 	1823 	2461 	2679 	3032 	2775 	3302 	4516 	5548 	7045 	6795 	7773 	9183 
A,TOTAL,GT12,THS_T,SE	5649 	2011 	1794 	2946 	2804 	3130 	3615 	5140 	6316 	7250 	11465 	8831 	7692 	11255 	4534 
A,TOTAL,GT12,THS_T,SI	2160 	1601 	2044 	1979 	1733 	1720 	2410 	2265 	2152 	2349 	3310 	3631 	3229 	2829 	2488 
A,TOTAL,GT12,THS_T,SK	2315 	3053 	3235 	4383 	4704 	4400 	7098 	6742 	7640 	10252 	7198 	8283 	7704 	6855 	6690 
A,TOTAL,GT12,THS_T,UK	34022 	27498 	29262 	29356 	30611 	22015 	25704 	28917 	37738 	32758 	35344 	29344 	: 	: 	: 
A,TOTAL,GT13,THS_T,AT	10224 	9785 	10815 	10687 	9713 	10854 	9795 	9698 	10456 	10308 	11673 	12114 	2703 	3611 	4599 
A,TOTAL,GT13,THS_T,BE	9807 	6859 	8130 	4279 	4256 	3506 	4297 	6268 	8733 	11592 	11934 	14524 	9537 	11711 	7602 
A,TOTAL,GT13,THS_T,BG	532 	615 	904 	640 	1199 	749 	986 	965 	1154 	1422 	1172 	800 	1227 	1695 	937 
A,TOTAL,GT13,THS_T,CH	1925 	2281 	2531 	2091 	2130 	1846 	2371 	2637 	2161 	1603 	2190 	1213 	1279 	1028 	1109 
A,TOTAL,GT13,THS_T,CY	104 	38 	81 	54 	21 	37 	27 	71 	75 	77 	171 	362 	175 	345 	247 
A,TOTAL,GT13,THS_T,CZ	1576 	1853 	2213 	1855 	2135 	1667 	1971 	2681 	1649 	1442 	1540 	2360 	1626 	2724 	2180 
A,TOTAL,GT13,THS_T,DE	21540 	19112 	13532 	14875 	13740 	12909 	13170 	13232 	13468 	12954 	12361 	13103 	13171 	13448 	13378 
A,TOTAL,GT13,THS_T,DK	2072 	1774 	1143 	1065 	1165 	1443 	1278 	1026 	1150 	1337 	1068 	1335 	1303 	1628 	1232 
A,TOTAL,GT13,THS_T,EE	361 	223 	216 	195 	202 	217 	192 	173 	209 	244 	270 	199 	105 	160 	173 
A,TOTAL,GT13,THS_T,EL	1242 	940 	1700 	595 	425 	249 	286 	301 	366 	593 	353 	864 	318 	600 	949 
A,TOTAL,GT13,THS_T,ES	7468 	7922 	7048 	5872 	4913 	5271 	5307 	5797 	6046 	9330 	7854 	9298 	7024 	9883 	9147 
A,TOTAL,GT13,THS_T,EU27_2020	126519 	97562 	92409 	89356 	80697 	83377 	86036 	93164 	102832 	110904 	111189 	115508 	113035 	122102 	116818 
A,TOTAL,GT13,THS_T,FI	844 	575 	980 	525 	397 	364 	422 	411 	569 	300 	516 	948 	218 	488 	375 
A,TOTAL,GT13,THS_T,FR	19783 	10519 	9835 	11067 	10846 	8425 	7687 	7807 	8780 	7084 	8708 	7676 	9364 	10653 	9484 
A,TOTAL,GT13,THS_T,HR	699 	498 	477 	449 	404 	503 	345 	460 	347 	400 	448 	454 	257 	320 	433 
A,TOTAL,GT13,THS_T,HU	785 	799 	845 	361 	447 	306 	346 	480 	1053 	822 	917 	755 	698 	984 	728 
A,TOTAL,GT13,THS_T,IE	8761 	2012 	944 	1285 	928 	1188 	1271 	943 	1400 	1401 	1769 	1710 	1456 	1518 	1180 
A,TOTAL,GT13,THS_T,IT	12076 	10471 	8072 	7635 	7242 	7582 	5375 	5874 	5144 	5709 	8182 	9890 	6402 	6716 	6003 
A,TOTAL,GT13,THS_T,LT	662 	632 	800 	870 	1121 	978 	1500 	1259 	2111 	2090 	2547 	4125 	4705 	4857 	3579 
A,TOTAL,GT13,THS_T,LU	160 	168 	254 	160 	59 	82 	144 	106 	88 	80 	70 	63 	64 	109 	41 
A,TOTAL,GT13,THS_T,LV	343 	396 	376 	399 	393 	480 	709 	909 	640 	650 	503 	515 	333 	424 	253 
A,TOTAL,GT13,THS_T,ME	: 	: 	: 	: 	: 	: 	: 	: 	3 	1 	10 	7 	4 	2 	: 
A,TOTAL,GT13,THS_T,MK	: 	: 	: 	: 	: 	: 	: 	: 	: 	: 	: 	: 	18 	: 	: 
A,TOTAL,GT13,THS_T,NL	2493 	2269 	3116 	3275 	3304 	2304 	2433 	3336 	3772 	2443 	3205 	3565 	2900 	3073 	2885 
A,TOTAL,GT13,THS_T,NO	223 	526 	495 	638 	454 	387 	289 	235 	507 	210 	168 	494 	181 	278 	326 
A,TOTAL,GT13,THS_T,PL	8914 	9371 	12388 	14431 	11266 	15973 	17795 	19623 	21798 	25378 	19849 	16455 	33240 	29975 	32536 
A,TOTAL,GT13,THS_T,PT	6728 	4432 	1460 	1646 	1009 	1892 	2298 	1623 	1963 	2124 	2816 	1811 	2082 	2272 	2763 
A,TOTAL,GT13,THS_T,RO	5091 	1747 	981 	938 	1013 	1127 	1165 	1204 	1618 	1282 	1528 	1343 	1201 	1598 	1828 
A,TOTAL,GT13,THS_T,SE	1949 	1867 	1796 	2221 	1354 	1195 	1394 	1608 	1620 	1270 	1503 	1599 	1772 	2181 	1280 
A,TOTAL,GT13,THS_T,SI	1197 	1733 	3263 	3223 	2390 	3223 	3787 	4807 	5206 	6788 	6983 	7079 	8725 	8560 	9978 
A,TOTAL,GT13,THS_T,SK	1109 	954 	1041 	755 	757 	852 	2056 	2501 	3419 	3784 	3248 	2562 	2428 	2569 	3028 
A,TOTAL,GT13,THS_T,UK	30050 	26735 	22370 	15611 	14732 	11197 	16686 	16016 	15314 	16376 	14592 	11090 	: 	: 	: 
A,TOTAL,GT14,THS_T,AT	13135 	13293 	13364 	14051 	10415 	11040 	11876 	12208 	12872 	15966 	14624 	14029 	22576 	31930 	31375 
A,TOTAL,GT14,THS_T,BE	4366 	4342 	6008 	5010 	5975 	5932 	6358 	12004 	15903 	15356 	15519 	15987 	16338 	17995 	10563 
A,TOTAL,GT14,THS_T,BG	9145 	9913 	11535 	11693 	11151 	11835 	8122 	12755 	12774 	11304 	11376 	6696 	8841 	7349 	9642 
A,TOTAL,GT14,THS_T,CH	30898 	29129 	29251 	34586 	35212 	28832 	33827 	31621 	31631 	27718 	33983 	33289 	40431 	36909 	30672 
A,TOTAL,GT14,THS_T,CY	891 	1593 	1839 	1427 	1405 	725 	819 	776 	800 	1613 	1733 	1674 	2234 	2223 	2562 
A,TOTAL,GT14,THS_T,CZ	31528 	27182 	25566 	17247 	20257 	18586 	17924 	22647 	25727 	28551 	35485 	37343 	29480 	29940 	30771 
A,TOTAL,GT14,THS_T,DE	566860 	493874 	240599 	261753 	245998 	251342 	263051 	264664 	256091 	267500 	271166 	279574 	264899 	262461 	245974 
A,TOTAL,GT14,THS_T,DK	17450 	11697 	11486 	12336 	14999 	14519 	17303 	16596 	15677 	14764 	14316 	14927 	19384 	16933 	19225 
A,TOTAL,GT14,THS_T,EE	535 	560 	672 	432 	360 	304 	698 	490 	788 	782 	559 	616 	464 	1059 	903 
A,TOTAL,GT14,THS_T,EL	36018 	78791 	72679 	71908 	99089 	132733 	112190 	67125 	94827 	46000 	34870 	40409 	32494 	24535 	36493 
A,TOTAL,GT14,THS_T,ES	117560 	100602 	93839 	89161 	78698 	69704 	79330 	82871 	78901 	86533 	87843 	94849 	86734 	100807 	96703 
A,TOTAL,GT14,THS_T,EU27_2020	1105261 	1177716 	931141 	910653 	922104 	928540 	953340 	911257 	910591 	900337 	875470 	907536 	868590 	901750 	876012 
A,TOTAL,GT14,THS_T,FI	15310 	17610 	18820 	9956 	10228 	8060 	9968 	7463 	8636 	7899 	5853 	6044 	5826 	6080 	6664 
A,TOTAL,GT14,THS_T,FR	50976 	76943 	78600 	83678 	88769 	88017 	83738 	85920 	75937 	76165 	60546 	62469 	66863 	69942 	65826 
A,TOTAL,GT14,THS_T,HR	6207 	5388 	5696 	3114 	3697 	3255 	3594 	3085 	3105 	3253 	3196 	3175 	2680 	3235 	2943 
A,TOTAL,GT14,THS_T,HU	16013 	14073 	14892 	17024 	14766 	14732 	19526 	18782 	10878 	6749 	7201 	6538 	6948 	7967 	9258 
A,TOTAL,GT14,THS_T,IE	4210 	3252 	3472 	3849 	3363 	3192 	4178 	4190 	4940 	5085 	4077 	5804 	5465 	5470 	5108 
A,TOTAL,GT14,THS_T,IT	96394 	120370 	122030 	110226 	101095 	97237 	110165 	101220 	98886 	105404 	108202 	114892 	101057 	110342 	111293 
A,TOTAL,GT14,THS_T,LT	1143 	1308 	1235 	1010 	1181 	1379 	1895 	1745 	1474 	1967 	2124 	2077 	2101 	2162 	1508 
A,TOTAL,GT14,THS_T,LU	642 	430 	1178 	1441 	958 	1147 	1034 	728 	363 	788 	728 	993 	750 	723 	627 
A,TOTAL,GT14,THS_T,LV	2353 	1409 	2500 	2143 	2469 	2631 	2120 	2154 	2664 	2261 	2381 	2732 	3062 	2512 	3020 
A,TOTAL,GT14,THS_T,ME	: 	: 	: 	: 	: 	: 	: 	: 	0 	13 	27 	10 	17 	15 	: 
A,TOTAL,GT14,THS_T,MK	: 	: 	: 	: 	: 	: 	: 	: 	: 	: 	: 	: 	110 	: 	: 
A,TOTAL,GT14,THS_T,NL	23517 	23466 	47804 	40591 	39706 	46647 	44204 	43941 	44352 	42317 	40059 	40452 	34827 	38055 	32236 
A,TOTAL,GT14,THS_T,NO	17245 	19144 	15074 	15293 	14918 	21530 	16357 	17571 	15730 	12227 	12481 	14529 	16625 	16940 	17294 
A,TOTAL,GT14,THS_T,PL	36244 	120904 	114422 	114113 	130130 	108821 	116462 	108908 	100570 	112994 	105153 	105480 	115144 	106177 	112394 
A,TOTAL,GT14,THS_T,PT	11556 	12870 	9754 	8104 	8967 	7764 	6223 	6353 	6868 	10012 	6733 	9042 	5334 	6763 	6482 
A,TOTAL,GT14,THS_T,RO	6398 	9229 	4088 	5741 	5532 	7242 	6161 	5267 	6215 	4999 	5755 	5321 	5589 	5887 	6064 
A,TOTAL,GT14,THS_T,SE	20560 	15277 	18087 	16178 	14613 	14717 	18636 	22485 	24199 	21968 	28078 	28708 	21364 	31358 	18423 
A,TOTAL,GT14,THS_T,SI	4065 	3502 	4285 	4291 	2091 	2460 	3616 	2483 	2100 	3872 	2489 	3438 	3637 	2953 	5357 
A,TOTAL,GT14,THS_T,SK	12184 	9836 	6694 	4175 	6191 	4520 	4150 	4394 	5044 	6236 	5404 	4267 	4500 	6892 	4601 
A,TOTAL,GT14,THS_T,UK	176381 	132190 	131546 	172090 	155898 	139737 	156219 	164212 	172901 	152586 	157966 	182077 	: 	: 	: 
A,TOTAL,GT15,THS_T,AT	1031 	1011 	1065 	768 	1221 	1395 	970 	1530 	1049 	1270 	2007 	1319 	1563 	2419 	2505 
A,TOTAL,GT15,THS_T,BE	14 	39 	11 	7 	5 	14 	4 	971 	650 	1006 	820 	948 	1213 	4187 	13175 
A,TOTAL,GT15,THS_T,BG	221 	406 	228 	791 	628 	2607 	1774 	1288 	1573 	2251 	1153 	900 	535 	1194 	362 
A,TOTAL,GT15,THS_T,CH	2255 	4306 	2649 	2808 	2007 	2687 	2651 	2692 	2292 	2326 	2004 	4753 	2073 	2839 	2347 
A,TOTAL,GT15,THS_T,CY	161 	: 	1 	2 	9 	1 	1 	2 	1 	5 	15 	: 	9 	7 	18 
A,TOTAL,GT15,THS_T,CZ	4865 	3473 	5198 	4497 	4909 	4478 	4376 	5084 	5568 	5442 	7276 	7651 	10897 	10999 	9142 
A,TOTAL,GT15,THS_T,DE	: 	: 	31354 	37904 	37686 	41736 	43783 	49981 	51541 	56018 	59402 	59259 	64797 	74596 	76040 
A,TOTAL,GT15,THS_T,DK	1838 	2569 	1861 	1435 	1257 	1517 	1337 	1531 	1907 	1196 	1297 	1405 	1451 	1496 	1038 
A,TOTAL,GT15,THS_T,EE	87 	23 	223 	64 	138 	147 	193 	189 	400 	521 	360 	521 	319 	593 	432 
A,TOTAL,GT15,THS_T,EL	546 	946 	682 	1187 	1203 	967 	195 	1047 	956 	462 	4449 	2373 	1166 	767 	657 
A,TOTAL,GT15,THS_T,ES	45133 	31577 	35765 	36280 	32815 	33561 	33874 	36598 	39542 	39978 	42848 	49205 	47115 	65016 	64214 
A,TOTAL,GT15,THS_T,EU27_2020	90678 	105261 	139813 	141398 	145393 	148277 	144480 	158542 	169211 	183187 	206695 	225615 	230168 	269777 	287782 
A,TOTAL,GT15,THS_T,FI	2218 	2721 	1689 	2928 	2176 	3010 	1244 	1403 	1865 	2649 	2659 	1484 	2361 	1394 	2341 
A,TOTAL,GT15,THS_T,FR	: 	35049 	33136 	32011 	29905 	26305 	23418 	21439 	23493 	26839 	37963 	43413 	42966 	45902 	50468 
A,TOTAL,GT15,THS_T,HR	185 	70 	81 	153 	192 	160 	172 	222 	240 	278 	321 	296 	202 	219 	323 
A,TOTAL,GT15,THS_T,HU	1629 	1885 	1628 	1585 	1082 	2156 	1842 	2727 	2636 	1636 	2218 	1967 	1897 	2643 	1664 
A,TOTAL,GT15,THS_T,IE	166 	189 	65 	51 	129 	43 	108 	139 	490 	780 	1038 	774 	960 	1219 	853 
A,TOTAL,GT15,THS_T,IT	16390 	9721 	8843 	4677 	4356 	6913 	5092 	4015 	3626 	6782 	9018 	15613 	12060 	8945 	14222 
A,TOTAL,GT15,THS_T,LT	104 	106 	108 	192 	185 	194 	320 	230 	256 	593 	493 	443 	639 	629 	1255 
A,TOTAL,GT15,THS_T,LU	78 	4 	1 	93 	160 	207 	218 	102 	36 	151 	73 	88 	90 	169 	89 
A,TOTAL,GT15,THS_T,LV	48 	38 	69 	39 	63 	77 	273 	60 	199 	83 	221 	432 	643 	537 	343 
A,TOTAL,GT15,THS_T,MK	: 	: 	: 	: 	: 	: 	: 	: 	: 	: 	: 	: 	5 	: 	: 
A,TOTAL,GT15,THS_T,NL	: 	: 	792 	1022 	8589 	2224 	2996 	3174 	3320 	2950 	3902 	3959 	4643 	6044 	6513 
A,TOTAL,GT15,THS_T,NO	2954 	1604 	2774 	4046 	2491 	2053 	1661 	2929 	1865 	1939 	1891 	2838 	7577 	2646 	2708 
A,TOTAL,GT15,THS_T,PL	5969 	8978 	10308 	9248 	10801 	12909 	14022 	15342 	16743 	19829 	16568 	20680 	25539 	27074 	27450 
A,TOTAL,GT15,THS_T,PT	185 	427 	1210 	884 	650 	841 	1027 	969 	1116 	1244 	1254 	1807 	1366 	1850 	1242 
A,TOTAL,GT15,THS_T,RO	3855 	339 	283 	235 	293 	462 	612 	504 	992 	1226 	1487 	1366 	1186 	2001 	2136 
A,TOTAL,GT15,THS_T,SE	4575 	3405 	3709 	3957 	5110 	4817 	4895 	8668 	9365 	7720 	7224 	7087 	4237 	7154 	8501 
A,TOTAL,GT15,THS_T,SI	296 	456 	379 	337 	488 	300 	407 	343 	414 	321 	538 	451 	761 	904 	723 
A,TOTAL,GT15,THS_T,SK	1082 	1830 	1125 	1049 	1343 	1237 	1327 	986 	1237 	1957 	2093 	2175 	1554 	1815 	2076 
A,TOTAL,GT15,THS_T,UK	30809 	23372 	32699 	34386 	28908 	23098 	23438 	28201 	41910 	35900 	47356 	40652 	: 	: 	: 
A,TOTAL,GT16,THS_T,AT	7309 	6420 	7940 	8575 	7855 	7762 	7999 	8764 	9663 	9056 	9443 	8974 	3008 	5007 	5648 
A,TOTAL,GT16,THS_T,BE	4590 	3870 	2780 	2999 	3122 	3556 	3461 	3953 	5159 	5059 	7085 	4385 	5722 	5247 	5083 
A,TOTAL,GT16,THS_T,BG	772 	872 	1781 	1622 	1020 	1336 	1067 	1046 	2521 	2905 	1065 	1065 	1199 	1591 	1187 
A,TOTAL,GT16,THS_T,CH	8610 	7836 	8351 	9370 	8974 	8754 	10772 	9997 	8687 	10315 	9011 	9791 	10410 	8917 	11890 
A,TOTAL,GT16,THS_T,CY	24 	22 	45 	7 	18 	4 	11 	36 	10 	14 	52 	85 	35 	55 	50 
A,TOTAL,GT16,THS_T,CZ	7854 	6425 	7804 	6696 	6902 	7250 	9376 	10929 	11755 	12249 	11798 	10610 	9624 	10466 	9429 
A,TOTAL,GT16,THS_T,DE	96032 	89493 	72595 	73559 	75584 	80494 	86040 	90765 	91124 	89162 	89961 	90985 	88554 	88762 	85133 
A,TOTAL,GT16,THS_T,DK	2487 	1933 	2019 	2327 	1460 	2022 	1596 	1863 	1347 	1642 	1174 	1239 	1581 	1384 	1140 
A,TOTAL,GT16,THS_T,EE	694 	284 	257 	401 	321 	362 	254 	300 	238 	187 	161 	173 	238 	242 	173 
A,TOTAL,GT16,THS_T,EL	835 	661 	768 	473 	223 	136 	681 	444 	610 	359 	663 	1350 	1070 	4035 	1371 
A,TOTAL,GT16,THS_T,ES	24129 	22490 	25459 	26661 	25621 	25416 	26706 	25997 	29237 	35424 	37742 	36015 	40732 	44352 	39222 
A,TOTAL,GT16,THS_T,EU27_2020	247213 	217875 	223626 	224124 	224252 	238612 	254642 	263930 	270504 	284039 	295063 	283958 	282511 	292604 	289949 
A,TOTAL,GT16,THS_T,FI	4056 	2872 	3827 	1743 	1590 	1701 	1217 	925 	1096 	1599 	1115 	1273 	1148 	1342 	1397 
A,TOTAL,GT16,THS_T,FR	18453 	13704 	18953 	16684 	15020 	14847 	15231 	15235 	8945 	11206 	12951 	10716 	10142 	10947 	13736 
A,TOTAL,GT16,THS_T,HR	1131 	1014 	934 	854 	1209 	994 	943 	1017 	1058 	1167 	994 	1282 	1145 	1077 	1264 
A,TOTAL,GT16,THS_T,HU	4771 	5279 	5032 	4354 	4715 	4197 	5121 	6081 	2582 	2962 	3261 	2420 	2798 	1871 	1647 
A,TOTAL,GT16,THS_T,IE	1343 	1243 	1480 	1114 	1281 	1076 	1328 	926 	953 	1353 	1113 	1225 	1117 	1009 	1276 
A,TOTAL,GT16,THS_T,IT	21475 	15332 	13448 	13614 	13323 	11918 	9402 	9604 	11755 	13123 	16646 	15721 	13713 	13784 	12849 
A,TOTAL,GT16,THS_T,LT	788 	633 	593 	508 	552 	613 	631 	859 	1539 	1313 	901 	779 	830 	943 	501 
A,TOTAL,GT16,THS_T,LU	1459 	1229 	1045 	673 	818 	745 	2020 	1215 	1175 	858 	879 	1068 	1229 	2133 	2555 
A,TOTAL,GT16,THS_T,LV	274 	298 	193 	361 	433 	299 	436 	610 	601 	523 	644 	698 	1125 	1030 	1239 
A,TOTAL,GT16,THS_T,MK	: 	: 	: 	: 	: 	: 	: 	: 	: 	: 	: 	: 	11 	: 	: 
A,TOTAL,GT16,THS_T,NL	18513 	16433 	17451 	18414 	18130 	31469 	34943 	35350 	38330 	39235 	35859 	37901 	39561 	42903 	43777 
A,TOTAL,GT16,THS_T,NO	3291 	2564 	4670 	4196 	2427 	3309 	3089 	3136 	1299 	1448 	1439 	1650 	1567 	2228 	2034 
A,TOTAL,GT16,THS_T,PL	12384 	11835 	14786 	14705 	18486 	18210 	17276 	17822 	20683 	22452 	26202 	24424 	25863 	21179 	37043 
A,TOTAL,GT16,THS_T,PT	4923 	4194 	3423 	4109 	3693 	4747 	3750 	3199 	2902 	3860 	3016 	2664 	3065 	2045 	2121 
A,TOTAL,GT16,THS_T,RO	1819 	2023 	1187 	797 	968 	959 	1056 	832 	840 	1032 	916 	1301 	1434 	1722 	1091 
A,TOTAL,GT16,THS_T,SE	6993 	5123 	16277 	18985 	16622 	14388 	18973 	20731 	19940 	21131 	24491 	22202 	22924 	24793 	16642 
A,TOTAL,GT16,THS_T,SI	1057 	1058 	807 	745 	514 	610 	615 	784 	762 	737 	937 	1107 	1054 	1066 	926 
A,TOTAL,GT16,THS_T,SK	3050 	3132 	2743 	3143 	4773 	3502 	4509 	4644 	5679 	5432 	5997 	4296 	3601 	3618 	3447 
A,TOTAL,GT16,THS_T,UK	: 	: 	: 	29045 	36733 	27783 	28845 	35068 	34740 	35345 	27955 	20116 	: 	: 	: 
A,TOTAL,GT17,THS_T,AT	8059 	7085 	6335 	6867 	6596 	6217 	6618 	7018 	7274 	6167 	6956 	7170 	1991 	2421 	2308 
A,TOTAL,GT17,THS_T,BE	751 	793 	902 	893 	1512 	1120 	1130 	474 	992 	1314 	857 	1503 	556 	959 	1433 
A,TOTAL,GT17,THS_T,BG	1017 	470 	140 	546 	477 	476 	405 	112 	132 	47 	49 	173 	39 	17 	48 
A,TOTAL,GT17,THS_T,CH	5876 	6071 	6128 	8348 	6895 	7701 	9172 	7729 	6494 	8919 	8320 	8984 	8237 	7862 	6183 
A,TOTAL,GT17,THS_T,CY	185 	122 	103 	107 	90 	33 	46 	28 	159 	65 	156 	219 	4 	101 	248 
A,TOTAL,GT17,THS_T,CZ	74 	97 	207 	172 	169 	116 	113 	132 	106 	189 	219 	141 	24 	102 	159 
A,TOTAL,GT17,THS_T,DE	23064 	21736 	33188 	57678 	63715 	66109 	73647 	72357 	78814 	77852 	86436 	86361 	85416 	81159 	83798 
A,TOTAL,GT17,THS_T,DK	893 	773 	890 	447 	510 	652 	470 	654 	434 	407 	209 	255 	476 	138 	367 
A,TOTAL,GT17,THS_T,EE	109 	9 	39 	219 	18 	15 	30 	42 	92 	25 	280 	48 	61 	20 	80 
A,TOTAL,GT17,THS_T,EL	548 	1452 	2130 	1015 	1241 	924 	585 	1093 	2005 	2954 	1013 	1004 	866 	720 	496 
A,TOTAL,GT17,THS_T,ES	477 	845 	1045 	1028 	1276 	1587 	1451 	1925 	2011 	2179 	2375 	2739 	1854 	2016 	2309 
A,TOTAL,GT17,THS_T,EU27_2020	55943 	71466 	76018 	106520 	106802 	104717 	111379 	115977 	123091 	125132 	117117 	122022 	111583 	110758 	110481 
A,TOTAL,GT17,THS_T,FI	4469 	5064 	5827 	11332 	6448 	3200 	1427 	3909 	2465 	3454 	3903 	1962 	1206 	3035 	1725 
A,TOTAL,GT17,THS_T,FR	2031 	17192 	19683 	19706 	18333 	17041 	18655 	21799 	21799 	23334 	6451 	11397 	12531 	13984 	8933 
A,TOTAL,GT17,THS_T,HR	106 	11 	13 	29 	12 	7 	3 	1 	7 	30 	24 	53 	119 	41 	42 
A,TOTAL,GT17,THS_T,HU	164 	88 	67 	139 	89 	134 	59 	117 	179 	87 	56 	96 	20 	79 	61 
A,TOTAL,GT17,THS_T,IE	: 	277 	122 	116 	136 	185 	224 	386 	466 	724 	1189 	1235 	1204 	1141 	936 
A,TOTAL,GT17,THS_T,IT	2409 	2924 	1915 	1108 	1312 	2290 	848 	616 	1334 	1009 	1349 	905 	598 	572 	893 
A,TOTAL,GT17,THS_T,LT	106 	123 	207 	287 	235 	329 	146 	20 	26 	10 	19 	10 	1 	16 	116 
A,TOTAL,GT17,THS_T,LU	63 	49 	45 	62 	80 	77 	85 	57 	69 	54 	71 	61 	51 	62 	118 
A,TOTAL,GT17,THS_T,LV	91 	66 	78 	20 	86 	30 	117 	56 	102 	55 	64 	28 	61 	53 	41 
A,TOTAL,GT17,THS_T,ME	: 	: 	: 	: 	: 	: 	: 	: 	0 	0 	: 	0 	2 	3 	: 
A,TOTAL,GT17,THS_T,MK	: 	: 	: 	: 	: 	: 	: 	: 	: 	: 	: 	: 	1 	: 	: 
A,TOTAL,GT17,THS_T,NL	9816 	10436 	547 	434 	400 	485 	463 	680 	527 	560 	571 	755 	531 	593 	443 
A,TOTAL,GT17,THS_T,NO	1655 	1684 	1500 	2066 	1332 	948 	1224 	1054 	1354 	2806 	3608 	3208 	2253 	2439 	2261 
A,TOTAL,GT17,THS_T,PL	87 	371 	1180 	2441 	2752 	1974 	2885 	2499 	2368 	2144 	2152 	2645 	2083 	1846 	4028 
A,TOTAL,GT17,THS_T,PT	128 	109 	262 	144 	162 	180 	329 	294 	172 	414 	224 	154 	97 	133 	218 
A,TOTAL,GT17,THS_T,RO	201 	344 	319 	709 	194 	223 	340 	257 	271 	310 	397 	389 	410 	264 	152 
A,TOTAL,GT17,THS_T,SE	851 	947 	640 	881 	843 	1171 	1144 	1307 	1168 	1617 	1845 	2469 	1311 	1213 	1386 
A,TOTAL,GT17,THS_T,SI	87 	39 	76 	83 	76 	58 	45 	31 	72 	18 	37 	64 	25 	34 	73 
A,TOTAL,GT17,THS_T,SK	156 	43 	57 	57 	40 	85 	115 	116 	46 	110 	216 	188 	46 	40 	72 
A,TOTAL,GT17,THS_T,UK	1260 	604 	778 	12281 	19128 	32173 	33872 	36306 	33705 	37297 	30803 	42921 	: 	: 	: 
A,TOTAL,GT18,THS_T,AT	15383 	13521 	12821 	13970 	13380 	12779 	13352 	14202 	14919 	12882 	14482 	14537 	17120 	14105 	14438 
A,TOTAL,GT18,THS_T,BE	13794 	14981 	12576 	11705 	8969 	13885 	13575 	11801 	5922 	7935 	9947 	6448 	7341 	7150 	6620 
A,TOTAL,GT18,THS_T,BG	248 	1655 	2230 	2006 	2970 	4605 	7640 	9197 	9337 	11590 	7540 	7040 	11222 	12726 	7378 
A,TOTAL,GT18,THS_T,CH	7795 	7925 	7764 	7086 	6600 	6183 	6341 	7350 	9631 	8985 	8669 	8962 	12324 	12306 	10779 
A,TOTAL,GT18,THS_T,CY	344 	208 	67 	201 	115 	96 	76 	64 	124 	167 	342 	200 	312 	333 	336 
A,TOTAL,GT18,THS_T,CZ	7654 	6028 	6582 	7079 	5556 	8482 	7202 	8651 	9189 	12230 	11976 	9783 	17572 	19820 	23577 
A,TOTAL,GT18,THS_T,DE	: 	: 	92244 	120799 	124075 	143483 	158735 	179989 	183812 	196455 	212248 	226936 	219380 	231380 	239041 
A,TOTAL,GT18,THS_T,DK	18970 	12615 	15157 	16015 	17348 	18904 	17664 	17627 	16979 	13702 	13064 	13414 	14245 	13448 	13892 
A,TOTAL,GT18,THS_T,EE	8 	1162 	1499 	1735 	1919 	2362 	1870 	2151 	2188 	1335 	1305 	1328 	947 	1163 	1074 
A,TOTAL,GT18,THS_T,EL	2146 	3934 	3876 	3256 	2460 	2618 	4237 	7121 	5438 	7506 	5556 	3427 	2705 	1970 	6518 
A,TOTAL,GT18,THS_T,ES	1454 	9117 	9974 	11192 	10727 	9734 	11589 	12728 	13031 	15132 	17834 	17949 	14705 	17461 	22583 
A,TOTAL,GT18,THS_T,EU27_2020	527453 	417896 	542577 	563822 	561656 	613613 	635118 	645214 	645221 	713416 	780785 	829142 	818252 	874151 	941384 
A,TOTAL,GT18,THS_T,FI	25318 	20766 	21151 	19615 	16326 	18541 	16534 	20430 	22011 	22721 	24914 	22115 	22753 	22115 	22973 
A,TOTAL,GT18,THS_T,FR	259216 	178305 	189129 	191110 	169354 	184603 	174794 	150408 	135815 	156719 	179634 	191577 	171900 	197133 	224958 
A,TOTAL,GT18,THS_T,HR	18 	11 	19 	64 	231 	433 	554 	1043 	1554 	1509 	1820 	1928 	2235 	3186 	3286 
A,TOTAL,GT18,THS_T,HU	4656 	4529 	4874 	5457 	5616 	6868 	8545 	8589 	9942 	7149 	8082 	8894 	6449 	7170 	7725 
A,TOTAL,GT18,THS_T,IE	12272 	8862 	9797 	9544 	9772 	8613 	9403 	8390 	10626 	10946 	13195 	13051 	12226 	12188 	12961 
A,TOTAL,GT18,THS_T,IT	33231 	34167 	34823 	22959 	44868 	39869 	34889 	31419 	27648 	34156 	40127 	60802 	65464 	67524 	84676 
A,TOTAL,GT18,THS_T,LT	4942 	5195 	5342 	5321 	5641 	6695 	7185 	7099 	8506 	12692 	15608 	20731 	25098 	29700 	29842 
A,TOTAL,GT18,THS_T,LU	2861 	2498 	2875 	3735 	2605 	2399 	5142 	2248 	1159 	1395 	2480 	1883 	1415 	1556 	1505 
A,TOTAL,GT18,THS_T,LV	1067 	1193 	734 	1633 	1469 	1602 	3348 	3091 	4193 	4361 	4779 	4556 	4453 	5446 	4267 
A,TOTAL,GT18,THS_T,ME	: 	: 	: 	: 	: 	: 	: 	: 	13 	10 	30 	15 	3 	1 	: 
A,TOTAL,GT18,THS_T,MK	: 	: 	: 	: 	: 	: 	: 	: 	: 	: 	: 	: 	113 	: 	: 
A,TOTAL,GT18,THS_T,NL	51823 	46191 	57374 	50344 	50001 	51566 	53705 	46621 	48399 	55520 	66832 	65168 	64955 	66635 	70643 
A,TOTAL,GT18,THS_T,NO	11433 	9826 	14079 	10918 	12184 	13571 	15040 	13584 	7714 	10013 	6529 	7154 	7225 	8109 	12246 
A,TOTAL,GT18,THS_T,PL	12608 	11342 	4667 	5741 	11974 	17303 	24306 	28304 	30341 	35669 	33477 	47011 	49358 	50684 	47288 
A,TOTAL,GT18,THS_T,PT	1866 	2512 	11168 	12267 	13633 	10561 	7143 	6338 	7992 	7625 	7300 	6786 	5338 	5867 	6378 
A,TOTAL,GT18,THS_T,RO	8057 	7439 	7435 	7211 	7449 	9860 	14468 	18360 	25633 	32323 	36554 	36715 	30882 	34695 	37500 
A,TOTAL,GT18,THS_T,SE	40250 	24728 	28818 	33524 	27797 	29544 	31273 	41399 	40905 	43842 	43698 	38400 	39452 	41908 	43084 
A,TOTAL,GT18,THS_T,SI	587 	1081 	316 	20 	: 	: 	: 	: 	: 	6 	: 	: 	: 	: 	: 
A,TOTAL,GT18,THS_T,SK	8680 	5855 	7028 	7319 	7401 	8205 	7891 	7944 	9558 	7847 	7993 	8463 	10725 	8787 	8842 
A,TOTAL,GT18,THS_T,UK	: 	: 	: 	92476 	130500 	121365 	113244 	138613 	143440 	131829 	143669 	233089 	: 	: 	: 
A,TOTAL,GT19,THS_T,AT	7681 	6748 	6767 	7410 	7058 	6814 	7006 	7466 	7930 	6893 	7734 	7554 	8827 	1081 	1464 
A,TOTAL,GT19,THS_T,BE	10211 	9575 	12525 	14653 	13006 	12907 	16009 	7555 	7034 	8349 	6041 	3689 	3349 	5761 	10650 
A,TOTAL,GT19,THS_T,BG	129 	856 	544 	945 	1098 	937 	643 	834 	931 	723 	597 	310 	191 	620 	449 
A,TOTAL,GT19,THS_T,CH	806 	744 	1268 	1107 	889 	1284 	1474 	1205 	1084 	1513 	1529 	1376 	1247 	1940 	1182 
A,TOTAL,GT19,THS_T,CY	1 	33 	54 	62 	34 	47 	11 	12 	32 	54 	10 	17 	14 	48 	90 
A,TOTAL,GT19,THS_T,CZ	2870 	1505 	3395 	5508 	3480 	3683 	5975 	9534 	12064 	4484 	5305 	6840 	8809 	9453 	11172 
A,TOTAL,GT19,THS_T,DE	144848 	126920 	24417 	8098 	10887 	9367 	6093 	6925 	5307 	6355 	7765 	12630 	12242 	12572 	11854 
A,TOTAL,GT19,THS_T,DK	1898 	3354 	6148 	4997 	6015 	6812 	4328 	4181 	4038 	3958 	3496 	2641 	2790 	2929 	2931 
A,TOTAL,GT19,THS_T,EE	5189 	2023 	783 	489 	331 	728 	335 	398 	746 	268 	310 	223 	107 	32 	137 
A,TOTAL,GT19,THS_T,EL	4243 	1717 	3038 	1922 	2113 	399 	447 	38304 	1121 	15063 	21272 	19759 	13081 	17625 	13389 
A,TOTAL,GT19,THS_T,ES	31175 	31624 	30768 	28502 	29578 	29214 	32664 	32206 	33197 	34391 	37839 	38042 	35509 	42171 	45488 
A,TOTAL,GT19,THS_T,EU27_2020	239662 	220074 	125458 	121241 	119710 	129780 	132987 	172544 	132180 	140852 	154973 	165863 	158675 	164353 	188266 
A,TOTAL,GT19,THS_T,FI	1115 	1037 	911 	823 	2107 	1593 	1158 	988 	692 	1281 	3776 	656 	1177 	957 	513 
A,TOTAL,GT19,THS_T,FR	: 	6616 	9981 	14632 	13598 	15991 	14439 	13673 	10494 	9353 	11194 	9074 	8276 	9389 	11800 
A,TOTAL,GT19,THS_T,HR	6 	35 	69 	62 	49 	54 	34 	36 	17 	7 	28 	17 	54 	32 	39 
A,TOTAL,GT19,THS_T,HU	270 	118 	275 	1021 	2234 	2392 	2705 	3515 	3061 	3075 	3112 	2580 	1598 	1404 	1176 
A,TOTAL,GT19,THS_T,IE	: 	21 	45 	98 	120 	65 	134 	83 	151 	28 	77 	62 	26 	22 	: 
A,TOTAL,GT19,THS_T,IT	21502 	14707 	5081 	5965 	7777 	7109 	12635 	14626 	17151 	20568 	21084 	32512 	33068 	29242 	37467 
A,TOTAL,GT19,THS_T,LT	3 	: 	: 	: 	: 	: 	: 	: 	: 	: 	: 	: 	: 	: 	: 
A,TOTAL,GT19,THS_T,LU	1240 	2 	1 	110 	122 	20 	4 	6 	1 	: 	681 	1115 	428 	201 	62 
A,TOTAL,GT19,THS_T,LV	137 	75 	294 	805 	203 	290 	235 	601 	400 	22 	2 	126 	46 	43 	230 
A,TOTAL,GT19,THS_T,ME	: 	: 	: 	: 	: 	: 	: 	: 	4 	5 	7 	: 	0 	11 	: 
A,TOTAL,GT19,THS_T,MK	: 	: 	: 	: 	: 	: 	: 	: 	: 	: 	: 	: 	2 	: 	: 
A,TOTAL,GT19,THS_T,NL	985 	863 	17930 	22110 	13275 	18507 	11938 	16231 	13705 	11230 	10980 	11842 	11816 	6883 	11350 
A,TOTAL,GT19,THS_T,NO	8914 	5914 	9800 	7945 	6762 	10555 	7335 	12940 	2344 	3720 	5334 	4808 	6102 	6204 	5579 
A,TOTAL,GT19,THS_T,PL	975 	9400 	210 	195 	673 	2772 	4911 	4730 	3701 	2330 	202 	2650 	4311 	9799 	13343 
A,TOTAL,GT19,THS_T,PT	1082 	1358 	783 	204 	358 	3167 	6655 	6737 	6332 	7189 	7987 	6854 	6447 	7539 	7283 
A,TOTAL,GT19,THS_T,RO	1122 	932 	1362 	1805 	3104 	3278 	2370 	1531 	1414 	2044 	2196 	1824 	1363 	1214 	931 
A,TOTAL,GT19,THS_T,SE	854 	7 	: 	: 	: 	: 	: 	: 	: 	: 	: 	1085 	1398 	271 	1543 
A,TOTAL,GT19,THS_T,SI	1889 	463 	71 	824 	2084 	2313 	2116 	2265 	2485 	3036 	3052 	3689 	3422 	4623 	4903 
A,TOTAL,GT19,THS_T,SK	236 	84 	5 	: 	403 	1322 	140 	106 	177 	150 	234 	70 	325 	441 	0 
A,TOTAL,GT19,THS_T,UK	164223 	132463 	133553 	53524 	6628 	31958 	25904 	32418 	33935 	21664 	21370 	26573 	: 	: 	: 
A,TOTAL,GT20,THS_T,BE	5626 	4253 	4586 	5590 	8145 	5072 	3793 	1472 	2767 	50 	372 	145 	69 	2819 	10010 
A,TOTAL,GT20,THS_T,BG	19084 	19238 	7310 	4373 	4726 	4279 	2558 	3557 	3068 	2831 	1768 	1627 	1075 	1388 	657 
A,TOTAL,GT20,THS_T,CH	1056 	1219 	1970 	1155 	1006 	1177 	1118 	2891 	1752 	1360 	2136 	1096 	1665 	2491 	2112 
A,TOTAL,GT20,THS_T,CY	826 	671 	295 	170 	121 	95 	178 	123 	97 	142 	631 	653 	763 	262 	766 
A,TOTAL,GT20,THS_T,CZ	2718 	686 	106 	94 	133 	: 	: 	: 	: 	: 	: 	: 	: 	: 	: 
A,TOTAL,GT20,THS_T,DE	: 	: 	86 	67 	1 	1 	62 	32 	10 	: 	18 	6 	12 	: 	: 
A,TOTAL,GT20,THS_T,EE	1475 	599 	330 	326 	250 	266 	441 	680 	344 	1105 	770 	381 	408 	618 	636 
A,TOTAL,GT20,THS_T,EL	6420 	14237 	9965 	1852 	1701 	1849 	3454 	3255 	1506 	1884 	3052 	4018 	3694 	7626 	4718 
A,TOTAL,GT20,THS_T,EU27_2020	274142 	243858 	228500 	193160 	162060 	167140 	166360 	156282 	217515 	216886 	218923 	183511 	175967 	201222 	227149 
A,TOTAL,GT20,THS_T,FI	109 	65 	55 	: 	: 	: 	: 	: 	: 	: 	: 	: 	: 	: 	: 
A,TOTAL,GT20,THS_T,FR	2 	218 	731 	294 	436 	700 	485 	897 	615 	2623 	619 	332 	378 	257 	527 
A,TOTAL,GT20,THS_T,HR	51 	: 	4 	: 	: 	: 	: 	: 	: 	5 	: 	13 	59 	100 	94 
A,TOTAL,GT20,THS_T,HU	23269 	21502 	14675 	5118 	3997 	3330 	2381 	378 	61156 	69794 	82098 	78259 	79613 	96277 	93836 
A,TOTAL,GT20,THS_T,IE	980 	137 	54 	4 	37 	9 	0 	1 	: 	: 	: 	3 	: 	95 	11 
A,TOTAL,GT20,THS_T,IT	157997 	140036 	136435 	123474 	92465 	99534 	97006 	91319 	86767 	71117 	54125 	22463 	27318 	28928 	25166 
A,TOTAL,GT20,THS_T,LU	3262 	2295 	1850 	1684 	1549 	2252 	2618 	3473 	3230 	2637 	1728 	2592 	2563 	2523 	2871 
A,TOTAL,GT20,THS_T,ME	: 	: 	: 	: 	: 	: 	: 	: 	1 	8 	2 	1 	2 	1 	: 
A,TOTAL,GT20,THS_T,MK	: 	: 	: 	: 	: 	: 	: 	: 	: 	: 	: 	: 	111 	: 	: 
A,TOTAL,GT20,THS_T,NL	8123 	6372 	: 	: 	: 	5 	4 	16 	: 	: 	: 	: 	: 	: 	: 
A,TOTAL,GT20,THS_T,NO	105 	0 	: 	: 	: 	: 	1 	18 	90 	: 	: 	: 	: 	: 	5 
A,TOTAL,GT20,THS_T,PL	35080 	23849 	43627 	42159 	41294 	37247 	36477 	34775 	40529 	48128 	53953 	57171 	45147 	39409 	59910 
A,TOTAL,GT20,THS_T,PT	19 	605 	38 	13 	262 	4312 	9443 	9905 	9279 	6967 	7233 	7775 	8302 	9783 	8845 
A,TOTAL,GT20,THS_T,RO	5709 	2617 	811 	1846 	2031 	2881 	4696 	2960 	3436 	5962 	4669 	4707 	4540 	5614 	7791 
A,TOTAL,GT20,THS_T,SE	3314 	6474 	7539 	6074 	4047 	4806 	2750 	3439 	4706 	3608 	7878 	3342 	2011 	5436 	11310 
A,TOTAL,GT20,THS_T,SI	2 	5 	3 	20 	: 	: 	: 	: 	: 	2 	: 	: 	: 	: 	: 
A,TOTAL,GT20,THS_T,SK	76 	: 	: 	: 	866 	502 	14 	: 	4 	32 	10 	24 	15 	87 	: 
A,TOTAL,GT20,THS_T,UK	: 	: 	: 	286 	365 	154 	8221 	2670 	1643 	1334 	1469 	187 	: 	: 	: 
A,TOTAL,TOTAL,THS_T,AT	369460 	336698 	331042 	344747 	333971 	325483 	349544 	351068 	376399 	386858 	393312 	402079 	373068 	403510 	390424 
A,TOTAL,TOTAL,THS_T,BE	317637 	297879 	296189 	289203 	291380 	300608 	299476 	295057 	291522 	300121 	285526 	283979 	273251 	277828 	273307 
A,TOTAL,TOTAL,THS_T,BG	176345 	147838 	130989 	136840 	141622 	162357 	155089 	163742 	150410 	155345 	145987 	116231 	139119 	162460 	163160 
A,TOTAL,TOTAL,THS_T,CH	290349 	284293 	282128 	303142 	300596 	295769 	303323 	289384 	284813 	291532 	293075 	301273 	316484 	288042 	307770 
A,TOTAL,TOTAL,THS_T,CY	41619 	28523 	32247 	26050 	22964 	16122 	14585 	14402 	19682 	25595 	29308 	29361 	26041 	27670 	38550 
A,TOTAL,TOTAL,THS_T,CZ	431855 	370115 	355911 	349278 	339314 	351517 	386243 	439472 	433928 	461053 	480863 	505124 	460918 	501379 	474823 
A,TOTAL,TOTAL,THS_T,DE	3078346 	2769201 	2734605 	2986736 	2891837 	2938701 	3052628 	3035342 	3111875 	3161849 	3200936 	3208244 	3119657 	3107994 	3060982 
A,TOTAL,TOTAL,THS_T,DK	193560 	149377 	165708 	178006 	176354 	173917 	178146 	181232 	184726 	179062 	167534 	167747 	178098 	171555 	174842 
A,TOTAL,TOTAL,THS_T,EE	42312 	30088 	27315 	32913 	31321 	31080 	27358 	28162 	34581 	28969 	28494 	28373 	23281 	28894 	27156 
A,TOTAL,TOTAL,THS_T,EL	628565 	644545 	577447 	506003 	400137 	436249 	403336 	420028 	419233 	388915 	361961 	354091 	289254 	271004 	290032 
A,TOTAL,TOTAL,THS_T,ES	2120494 	1711314 	1566705 	1466502 	1239140 	1124833 	1184866 	1258749 	1285612 	1409713 	1475205 	1542517 	1468180 	1626818 	1588191 
A,TOTAL,TOTAL,THS_T,EU27_2020	15396187 	13771110 	13540788 	13526294 	12510664 	12437176 	12657417 	12673347 	12825666 	13270763 	13262542 	13556760 	13032346 	13687883 	13623967 
A,TOTAL,TOTAL,THS_T,FI	423614 	350588 	397813 	317740 	299397 	274637 	280131 	271912 	278957 	280744 	274346 	270462 	261920 	259023 	243739 
A,TOTAL,TOTAL,THS_T,FR	2203239 	1939465 	2015538 	2090664 	2008418 	1999913 	1918601 	1796777 	1727615 	1714295 	1619369 	1634951 	1508025 	1648961 	1631147 
A,TOTAL,TOTAL,THS_T,HR	112052 	93756 	76033 	75767 	66552 	68787 	67327 	67430 	73572 	73437 	74901 	82272 	82088 	86462 	87821 
A,TOTAL,TOTAL,THS_T,HU	268352 	238633 	208921 	190154 	171074 	175386 	200461 	206671 	212685 	205532 	227580 	223800 	206934 	242174 	226448 
A,TOTAL,TOTAL,THS_T,IE	253115 	142126 	123116 	109661 	106465 	107222 	112825 	117090 	140743 	146543 	148765 	158396 	139987 	153466 	163000 
A,TOTAL,TOTAL,THS_T,IT	1520415 	1468954 	1527763 	1339672 	1121313 	1023872 	963056 	957006 	901503 	885451 	920732 	978883 	933601 	987085 	1047318 
A,TOTAL,TOTAL,THS_T,LT	59427 	44697 	44716 	46019 	48428 	52346 	57591 	58601 	63571 	76980 	89105 	100802 	107042 	113135 	100752 
A,TOTAL,TOTAL,THS_T,LU	58529 	52649 	60725 	60687 	54482 	51480 	58723 	45715 	50824 	47292 	48846 	55303 	44931 	48225 	50339 
A,TOTAL,TOTAL,THS_T,LV	57540 	41350 	50745 	58330 	55873 	63825 	67420 	67552 	69077 	71701 	81143 	77248 	79247 	86386 	86379 
A,TOTAL,TOTAL,THS_T,ME	: 	: 	: 	: 	: 	: 	: 	: 	839 	836 	808 	885 	800 	793 	: 
A,TOTAL,TOTAL,THS_T,MK	: 	: 	: 	: 	: 	: 	: 	: 	: 	: 	: 	: 	4991 	: 	: 
A,TOTAL,TOTAL,THS_T,NL	621287 	616903 	657874 	658032 	631898 	642236 	640018 	641875 	656562 	666166 	680186 	688995 	684492 	702161 	695112 
A,TOTAL,TOTAL,THS_T,NO	288645 	257629 	266814 	256418 	251512 	271349 	293231 	283172 	268120 	255470 	254346 	244312 	243236 	266275 	266855 
A,TOTAL,TOTAL,THS_T,PL	1093406 	1170478 	1216083 	1322237 	1245053 	1300608 	1300382 	1264960 	1313657 	1501811 	1390184 	1506450 	1500104 	1580517 	1599513 
A,TOTAL,TOTAL,THS_T,PT	294411 	258976 	222147 	217190 	154485 	148177 	149828 	150358 	147788 	157803 	156651 	155866 	131115 	147066 	143483 
A,TOTAL,TOTAL,THS_T,RO	365136 	293831 	174206 	184164 	188960 	191879 	191308 	199220 	216621 	226796 	237496 	257004 	266976 	307357 	324895 
A,TOTAL,TOTAL,THS_T,SE	374803 	334348 	322689 	331393 	295209 	281568 	381724 	423191 	433312 	455772 	481576 	449624 	475494 	493018 	477911 
A,TOTAL,TOTAL,THS_T,SI	91239 	75284 	81020 	75615 	62748 	65340 	74142 	70508 	75033 	86211 	85406 	91775 	90869 	98910 	103842 
A,TOTAL,TOTAL,THS_T,SK	199429 	163491 	143244 	132690 	132270 	129032 	142608 	147225 	156179 	176750 	177131 	187184 	168653 	154828 	160802 
A,TOTAL,TOTAL,THS_T,UK	1776203 	1460797 	1521135 	1486133 	1464456 	1348987 	1348887 	1468144 	1450280 	1417482 	1425190 	1470486 	: 	: 	: 
A,TOTAL,UNK,THS_T,ME	: 	: 	: 	: 	: 	: 	: 	: 	: 	1 	: 	: 	: 	: 	: 
